drg_code,drg_description,avg_price
1,HEART TRANSPLANT OR IMPLANT OF HEART ASSIST SYSTEM W MCC,"619,190"
2,HEART TRANSPLANT OR IMPLANT OF HEART ASSIST SYSTEM W-O MCC,"325,019"
3,ECMO OR TRACH W MV GREATER THAN 96 HRS OR PDX EXC FACE MOUTH AND NECK W MAJ O.R.,"611,059"
4,TRACH W MV GREATER THAN 96 HRS OR PDX EXC FACE MOUTH AND NECK W-O MAJ O.R.,"467,556"
5,LIVER TRANSPLANT W MCC OR INTESTINAL TRANSPLANT,"396,200"
6,LIVER TRANSPLANT W-O MCC,"230,087"
7,LUNG TRANSPLANT,"483,327"
8,SIMULTANEOUS PANCREAS-KIDNEY TRANSPLANT,"391,833"
11,TRACHEOSTOMY FOR FACEMOUTH AND NECK DIAGNOSES W MCC,"134,823"
12,TRACHEOSTOMY FOR FACEMOUTH AND NECK DIAGNOSES W CC,"87,304"
13,TRACHEOSTOMY FOR FACEMOUTH AND NECK DIAGNOSES W-O CC-MCC,"68,385"
14,ALLOGENEIC BONE MARROW TRANSPLANT,"367,008"
16,AUTOLOGOUS BONE MARROW TRANSPLANT W CC-MCC,"161,252"
17,AUTOLOGOUS BONE MARROW TRANSPLANT W-O CC-MCC,"139,628"
20,INTRACRANIAL VASCULAR PROCEDURES W PDX HEMORRHAGE W MCC,"192,348"
21,INTRACRANIAL VASCULAR PROCEDURES W PDX HEMORRHAGE W CC,"161,087"
22,INTRACRANIAL VASCULAR PROCEDURES W PDX HEMORRHAGE W-O CC-MCC,"143,450"
23,CRANIOTOMY W MAJOR DEVICE IMPLANT OR ACUTE CNS PDX W MCC OR CHEMOTHERAPY IMPLANT OR EPILEPSY W NEUROSTIMULATOR,"145,658"
24,CRANIO W MAJOR DEV IMPL-ACUTE COMPLEX CNS PDX W-O MCC,"90,720"
25,CRANIOTOMY AND ENDOVASCULAR INTRACRANIAL PROCEDURES W MCC,"86,840"
26,CRANIOTOMY AND ENDOVASCULAR INTRACRANIAL PROCEDURES W CC,"55,800"
27,CRANIOTOMY AND ENDOVASCULAR INTRACRANIAL PROCEDURES W-O CC-MCC,"52,110"
28,SPINAL PROCEDURES W MCC,"125,431"
29,SPINAL PROCEDURES W CC OR SPINAL NEUROSTIMULATORS,"81,907"
30,SPINAL PROCEDURES W-O CC-MCC,"54,693"
31,VENTRICULAR SHUNT PROCEDURES W MCC,"69,978"
32,VENTRICULAR SHUNT PROCEDURES W CC,"35,899"
33,VENTRICULAR SHUNT PROCEDURES W-O CC-MCC,"31,858"
35,CAROTID ARTERY STENT PROCEDURE W CC,"50,306"
36,CAROTID ARTERY STENT PROCEDURE W-O CC-MCC,"35,849"
37,EXTRACRANIAL PROCEDURES W MCC,"119,005"
38,EXTRACRANIAL PROCEDURES W CC,"50,353"
39,EXTRACRANIAL PROCEDURES W-O CC-MCC,"31,714"
40,PERIPH-CRANIAL NERVE AND OTHER NERV SYST PROC W MCC,"70,810"
41,PERIPH-CRANIAL NERVE AND OTHER NERV SYST PROC W CC OR PERIPH NEUROSTIM,"46,332"
42,PERIPH-CRANIAL NERVE AND OTHER NERV SYST PROC W-O CC-MCC,"33,808"
52,SPINAL DISORDERS AND INJURIES W CC-MCC,"63,515"
53,SPINAL DISORDERS AND INJURIES W-O CC-MCC,"54,791"
54,NERVOUS SYSTEM NEOPLASMS W MCC,"37,751"
55,NERVOUS SYSTEM NEOPLASMS W-O MCC,"35,703"
56,DEGENERATIVE NERVOUS SYSTEM DISORDERS W MCC,"63,566"
57,DEGENERATIVE NERVOUS SYSTEM DISORDERS W-O MCC,"52,078"
58,MULTIPLE SCLEROSIS AND CEREBELLAR ATAXIA W MCC,"99,457"
59,MULTIPLE SCLEROSIS AND CEREBELLAR ATAXIA W CC,"40,056"
60,MULTIPLE SCLEROSIS AND CEREBELLAR ATAXIA W-O CC-MCC,"26,242"
61,ISCHEMIC STROKE PRECEREBRAL OCCLUSION OR TRANSIENT ISCHEMIA W THROMBOLYTIC AGENT W MCC,"78,186"
62,ISCHEMIC STROKE PRECEREBRAL OCCLUSION OR TRANSIENT ISCHEMIA W THROMBOLYTIC AGENT W CC,"47,587"
63,ISCHEMIC STROKE PRECEREBRAL OCCLUSION OR TRANSIENT ISCHEMIA W THROMBOLYTIC AGENT W-O CC-MCC,"40,183"
64,INTRACRANIAL HEMORRHAGE OR CEREBRAL INFARCTION W MCC,"53,585"
65,INTRACRANIAL HEMORRHAGE OR CEREBRAL INFARCTION W CC OR TPA IN 24 HRS,"30,079"
66,INTRACRANIAL HEMORRHAGE OR CEREBRAL INFARCTION W-O CC-MCC,"26,736"
67,NONSPECIFIC CVA AND PRECEREBRAL OCCLUSION W-O INFARCT W MCC,"22,913"
68,NONSPECIFIC CVA AND PRECEREBRAL OCCLUSION W-O INFARCT W-O MCC,"17,133"
69,TRANSIENT ISCHEMIA W-O THROMBOLYTIC,"24,142"
70,NONSPECIFIC CEREBROVASCULAR DISORDERS W MCC,"53,074"
71,NONSPECIFIC CEREBROVASCULAR DISORDERS W CC,"57,288"
72,NONSPECIFIC CEREBROVASCULAR DISORDERS W-O CC-MCC,"18,605"
73,CRANIAL AND PERIPHERAL NERVE DISORDERS W MCC,"53,221"
74,CRANIAL AND PERIPHERAL NERVE DISORDERS W-O MCC,"32,191"
75,VIRAL MENINGITIS W CC-MCC,"15,428"
76,VIRAL MENINGITIS W-O CC-MCC,"13,407"
78,HYPERTENSIVE ENCEPHALOPATHY W CC,"20,160"
80,NONTRAUMATIC STUPOR AND COMA W MCC,"16,024"
81,NONTRAUMATIC STUPOR AND COMA W-O MCC,"14,531"
82,TRAUMATIC STUPOR AND COMA COMA GREATER THAN 1 HR W MCC,"50,889"
83,TRAUMATIC STUPOR AND COMA COMA GREATER THAN 1 HR W CC,"38,610"
84,TRAUMATIC STUPOR AND COMA COMA GREATER THAN 1 HR W-O CC-MCC,"26,162"
85,TRAUMATIC STUPOR AND COMA COMA LESS THAN 1 HR W MCC,"46,358"
86,TRAUMATIC STUPOR AND COMA COMA LESS THAN 1 HR W CC,"33,586"
87,TRAUMATIC STUPOR AND COMA COMA LESS THAN 1 HR W-O CC-MCC,"14,597"
89,CONCUSSION W CC,"25,883"
90,CONCUSSION W-O CC-MCC,"17,936"
91,OTHER DISORDERS OF NERVOUS SYSTEM W MCC,"54,193"
92,OTHER DISORDERS OF NERVOUS SYSTEM W CC,"30,335"
93,OTHER DISORDERS OF NERVOUS SYSTEM W-O CC-MCC,"19,199"
94,BACTERIAL AND TUBERCULOUS INFECTIONS OF NERVOUS SYSTEM W MCC,"102,291"
95,BACTERIAL AND TUBERCULOUS INFECTIONS OF NERVOUS SYSTEM W CC,"61,738"
96,BACTERIAL AND TUBERCULOUS INFECTIONS OF NERVOUS SYSTEM W-O CC-MCC,"45,371"
97,NON-BACTERIAL INFECT OF NERVOUS SYS EXC VIRAL MENINGITIS W MCC,"126,672"
98,NON-BACTERIAL INFECT OF NERVOUS SYS EXC VIRAL MENINGITIS W CC,"78,880"
99,NON-BACTERIAL INFECT OF NERVOUS SYS EXC VIRAL MENINGITIS W-O CC-MCC,"48,883"
100,SEIZURES W MCC,"41,113"
101,SEIZURES W-O MCC,"25,721"
102,HEADACHES W MCC,"31,630"
103,HEADACHES W-O MCC,"19,435"
113,ORBITAL PROCEDURES W CC-MCC,"51,407"
114,ORBITAL PROCEDURES W-O CC-MCC,"38,628"
115,EXTRAOCULAR PROCEDURES EXCEPT ORBIT,"33,042"
116,INTRAOCULAR PROCEDURES W CC-MCC,"115,341"
117,INTRAOCULAR PROCEDURES W-O CC-MCC,"31,084"
121,ACUTE MAJOR EYE INFECTIONS W CC-MCC,"31,375"
122,ACUTE MAJOR EYE INFECTIONS W-O CC-MCC,"7,588"
123,NEUROLOGICAL EYE DISORDERS,"22,034"
124,OTHER DISORDERS OF THE EYE W MCC,"14,795"
125,OTHER DISORDERS OF THE EYE W-O MCC,"23,594"
129,MAJOR HEAD AND NECK PROCEDURES W CC-MCC OR MAJOR DEVICE,"64,665"
130,MAJOR HEAD AND NECK PROCEDURES W-O CC-MCC,"40,934"
131,CRANIAL-FACIAL PROCEDURES W CC-MCC,"54,595"
132,CRANIAL-FACIAL PROCEDURES W-O CC-MCC,"36,301"
133,OTHER EAR NOSE MOUTH AND THROAT O.R. PROCEDURES W CC-MCC,"40,230"
134,OTHER EAR NOSE MOUTH AND THROAT O.R. PROCEDURES W-O CC-MCC,"24,252"
135,SINUS AND MASTOID PROCEDURES W CC-MCC,"32,331"
136,SINUS AND MASTOID PROCEDURES W-O CC-MCC,"25,694"
137,MOUTH PROCEDURES W CC-MCC,"29,021"
138,MOUTH PROCEDURES W-O CC-MCC,"22,675"
139,SALIVARY GLAND PROCEDURES,"23,490"
146,EAR NOSE MOUTH AND THROAT MALIGNANCY W MCC,"58,491"
147,EAR NOSE MOUTH AND THROAT MALIGNANCY W CC,"20,574"
148,EAR NOSE MOUTH AND THROAT MALIGNANCY W-O CC-MCC,"28,023"
149,DYSEQUILIBRIUM,"28,151"
150,EPISTAXIS W MCC,"23,234"
151,EPISTAXIS W-O MCC,"23,061"
152,OTITIS MEDIA AND URI W MCC,"24,448"
153,OTITIS MEDIA AND URI W-O MCC,"12,804"
154,OTHER EAR NOSE MOUTH AND THROAT DIAGNOSES W MCC,"46,726"
155,OTHER EAR NOSE MOUTH AND THROAT DIAGNOSES W CC,"23,316"
156,OTHER EAR NOSE MOUTH AND THROAT DIAGNOSES W-O CC-MCC,"17,255"
157,DENTAL AND ORAL DISEASES W MCC,"55,766"
158,DENTAL AND ORAL DISEASES W CC,"20,776"
159,DENTAL AND ORAL DISEASES W-O CC-MCC,"17,655"
163,MAJOR CHEST PROCEDURES W MCC,"117,450"
164,MAJOR CHEST PROCEDURES W CC,"54,099"
165,MAJOR CHEST PROCEDURES W-O CC-MCC,"42,867"
166,OTHER RESP SYSTEM O.R. PROCEDURES W MCC,"108,115"
167,OTHER RESP SYSTEM O.R. PROCEDURES W CC,"46,105"
168,OTHER RESP SYSTEM O.R. PROCEDURES W-O CC-MCC,"34,351"
175,PULMONARY EMBOLISM W MCC,"38,622"
176,PULMONARY EMBOLISM W-O MCC,"22,365"
177,RESPIRATORY INFECTIONS AND INFLAMMATIONS W MCC,"54,132"
178,RESPIRATORY INFECTIONS AND INFLAMMATIONS W CC,"34,430"
179,RESPIRATORY INFECTIONS AND INFLAMMATIONS W-O CC-MCC,"21,438"
180,RESPIRATORY NEOPLASMS W MCC,"46,241"
181,RESPIRATORY NEOPLASMS W CC,"26,603"
182,RESPIRATORY NEOPLASMS W-O CC-MCC,"34,120"
183,MAJOR CHEST TRAUMA W MCC,"33,408"
184,MAJOR CHEST TRAUMA W CC,"31,508"
185,MAJOR CHEST TRAUMA W-O CC-MCC,"27,899"
186,PLEURAL EFFUSION W MCC,"29,872"
187,PLEURAL EFFUSION W CC,"36,407"
188,PLEURAL EFFUSION W-O CC-MCC,"22,861"
189,PULMONARY EDEMA AND RESPIRATORY FAILURE,"41,661"
190,CHRONIC OBSTRUCTIVE PULMONARY DISEASE W MCC,"50,884"
191,CHRONIC OBSTRUCTIVE PULMONARY DISEASE W CC,"21,276"
192,CHRONIC OBSTRUCTIVE PULMONARY DISEASE W-O CC-MCC,"17,595"
193,SIMPLE PNEUMONIA AND PLEURISY W MCC,"35,224"
194,SIMPLE PNEUMONIA AND PLEURISY W CC,"19,569"
195,SIMPLE PNEUMONIA AND PLEURISY W-O CC-MCC,"11,382"
196,INTERSTITIAL LUNG DISEASE W MCC,"55,659"
197,INTERSTITIAL LUNG DISEASE W CC,"33,880"
198,INTERSTITIAL LUNG DISEASE W-O CC-MCC,"21,418"
199,PNEUMOTHORAX W MCC,"38,353"
200,PNEUMOTHORAX W CC,"27,648"
201,PNEUMOTHORAX W-O CC-MCC,"11,970"
202,BRONCHITIS AND ASTHMA W CC-MCC,"22,400"
203,BRONCHITIS AND ASTHMA W-O CC-MCC,"11,922"
204,RESPIRATORY SIGNS AND SYMPTOMS,"16,861"
205,OTHER RESPIRATORY SYSTEM DIAGNOSES W MCC,"43,590"
206,OTHER RESPIRATORY SYSTEM DIAGNOSES W-O MCC,"23,205"
207,RESPIRATORY SYSTEM DIAGNOSIS W VENTILATOR SUPPORT GREATER THAN 96 HOURS,"137,198"
208,RESPIRATORY SYSTEM DIAGNOSIS W VENTILATOR SUPPORT LESS THAN =96 HOURS,"70,658"
215,OTHER HEART ASSIST SYSTEM IMPLANT,"219,831"
216,CARDIAC VALVE AND OTH MAJ CARDIOTHORACIC PROC W CARD CATH W MCC,"272,742"
217,CARDIAC VALVE AND OTH MAJ CARDIOTHORACIC PROC W CARD CATH W CC,"150,027"
218,CARDIAC VALVE AND OTH MAJ CARDIOTHORACIC PROC W CARD CATH W-O CC-MCC,"52,148"
219,CARDIAC VALVE AND OTH MAJ CARDIOTHORACIC PROC W-O CARD CATH W MCC,"211,070"
220,CARDIAC VALVE AND OTH MAJ CARDIOTHORACIC PROC W-O CARD CATH W CC,"108,415"
221,CARDIAC VALVE AND OTH MAJ CARDIOTHORACIC PROC W-O CARD CATH W-O CC-MCC,"79,056"
222,CARDIAC DEFIB IMPLANT W CARDIAC CATH W AMI-HF-SHOCK W MCC,"149,972"
223,CARDIAC DEFIB IMPLANT W CARDIAC CATH W AMI-HF-SHOCK W-O MCC,"155,703"
224,CARDIAC DEFIB IMPLANT W CARDIAC CATH W-O AMI-HF-SHOCK W MCC,"168,597"
225,CARDIAC DEFIB IMPLANT W CARDIAC CATH W-O AMI-HF-SHOCK W-O MCC,"159,967"
226,CARDIAC DEFIBRILLATOR IMPLANT W-O CARDIAC CATH W MCC,"154,819"
227,CARDIAC DEFIBRILLATOR IMPLANT W-O CARDIAC CATH W-O MCC,"115,459"
228,OTHER CARDIOTHORACIC PROCEDURES W MCC,"160,079"
229,OTHER CARDIOTHORACIC PROCEDURES W-O MCC,"83,837"
231,CORONARY BYPASS W PTCA W MCC,"171,826"
232,CORONARY BYPASS W PTCA W-O MCC,"168,178"
233,CORONARY BYPASS W CARDIAC CATH W MCC,"158,848"
234,CORONARY BYPASS W CARDIAC CATH W-O MCC,"103,552"
235,CORONARY BYPASS W-O CARDIAC CATH W MCC,"108,767"
236,CORONARY BYPASS W-O CARDIAC CATH W-O MCC,"76,674"
239,AMPUTATION FOR CIRC SYS DISORDERS EXC UPPER LIMB AND TOE W MCC,"144,596"
240,AMPUTATION FOR CIRC SYS DISORDERS EXC UPPER LIMB AND TOE W CC,"67,835"
241,AMPUTATION FOR CIRC SYS DISORDERS EXC UPPER LIMB AND TOE W-O CC-MCC,"48,559"
242,PERMANENT CARDIAC PACEMAKER IMPLANT W MCC,"81,800"
243,PERMANENT CARDIAC PACEMAKER IMPLANT W CC,"57,860"
244,PERMANENT CARDIAC PACEMAKER IMPLANT W-O CC-MCC,"53,225"
245,AICD GENERATOR PROCEDURES,"104,061"
246,PERCUTANEOUS CARDIOVASCULAR PROCEDURES W DRUG-ELUTING STENT W MCC OR 4+ ARTERIES OR STENTS,"79,062"
247,PERC CARDIOVASC PROC W DRUG-ELUTING STENT W-O MCC,"60,137"
249,PERC CARDIOVASC PROC W NON-DRUG-ELUTING STENT W-O MCC,"58,086"
250,PERC CARDIOVASC PROC W-O CORONARY ARTERY STENT W MCC,"49,450"
251,PERC CARDIOVASC PROC W-O CORONARY ARTERY STENT W-O MCC,"36,026"
252,OTHER VASCULAR PROCEDURES W MCC,"92,952"
253,OTHER VASCULAR PROCEDURES W CC,"62,218"
254,OTHER VASCULAR PROCEDURES W-O CC-MCC,"43,514"
255,UPPER LIMB AND TOE AMPUTATION FOR CIRC SYSTEM DISORDERS W MCC,"71,394"
256,UPPER LIMB AND TOE AMPUTATION FOR CIRC SYSTEM DISORDERS W CC,"30,284"
260,CARDIAC PACEMAKER REVISION EXCEPT DEVICE REPLACEMENT W MCC,"104,155"
261,CARDIAC PACEMAKER REVISION EXCEPT DEVICE REPLACEMENT W CC,"45,199"
264,OTHER CIRCULATORY SYSTEM O.R. PROCEDURES,"85,608"
265,AICD LEAD PROCEDURES,"122,769"
266,ENDOVASCULAR CARDIAC VALVE REPLACEMENT W MCC,"123,711"
267,ENDOVASCULAR CARDIAC VALVE REPLACEMENT W-O MCC,"88,986"
268,AORTIC AND HEART ASSIST PROCEDURES EXCEPT PULSATION BALLOON W MCC,"179,491"
269,AORTIC AND HEART ASSIST PROCEDURES EXCEPT PULSATION BALLOON W-O MCC,"115,568"
270,OTHER MAJOR CARDIOVASCULAR PROCEDURES W MCC,"150,019"
271,OTHER MAJOR CARDIOVASCULAR PROCEDURES W CC,"64,023"
272,OTHER MAJOR CARDIOVASCULAR PROCEDURES W-O CC-MCC,"61,097"
273,PERCUTANEOUS INTRACARDIAC PROCEDURES W MCC,"102,580"
274,PERCUTANEOUS INTRACARDIAC PROCEDURES W-O MCC,"72,503"
280,ACUTE MYOCARDIAL INFARCTION DISCHARGED ALIVE W MCC,"43,866"
281,ACUTE MYOCARDIAL INFARCTION DISCHARGED ALIVE W CC,"21,800"
282,ACUTE MYOCARDIAL INFARCTION DISCHARGED ALIVE W-O CC-MCC,"16,429"
283,ACUTE MYOCARDIAL INFARCTION EXPIRED W MCC,"38,571"
286,CIRCULATORY DISORDERS EXCEPT AMI W CARD CATH W MCC,"84,100"
287,CIRCULATORY DISORDERS EXCEPT AMI W CARD CATH W-O MCC,"37,448"
288,ACUTE AND SUBACUTE ENDOCARDITIS W MCC,"76,233"
289,ACUTE AND SUBACUTE ENDOCARDITIS W CC,"36,762"
290,ACUTE AND SUBACUTE ENDOCARDITIS W-O CC-MCC,"15,091"
291,HEART FAILURE AND SHOCK W MCC,"35,783"
292,HEART FAILURE AND SHOCK W CC,"23,520"
293,HEART FAILURE AND SHOCK W-O CC-MCC,"14,655"
294,DEEP VEIN THROMBOPHLEBITIS W CC-MCC,"19,445"
296,CARDIAC ARREST UNEXPLAINED W MCC,"39,099"
298,CARDIAC ARREST UNEXPLAINED W-O CC-MCC,"6,533"
299,PERIPHERAL VASCULAR DISORDERS W MCC,"58,131"
300,PERIPHERAL VASCULAR DISORDERS W CC,"32,562"
301,PERIPHERAL VASCULAR DISORDERS W-O CC-MCC,"17,704"
302,ATHEROSCLEROSIS W MCC,"29,149"
303,ATHEROSCLEROSIS W-O MCC,"15,342"
304,HYPERTENSION W MCC,"30,892"
305,HYPERTENSION W-O MCC,"22,051"
306,CARDIAC CONGENITAL AND VALVULAR DISORDERS W MCC,"33,138"
307,CARDIAC CONGENITAL AND VALVULAR DISORDERS W-O MCC,"16,103"
308,CARDIAC ARRHYTHMIA AND CONDUCTION DISORDERS W MCC,"30,377"
309,CARDIAC ARRHYTHMIA AND CONDUCTION DISORDERS W CC,"17,932"
310,CARDIAC ARRHYTHMIA AND CONDUCTION DISORDERS W-O CC-MCC,"10,835"
311,ANGINA PECTORIS,"12,631"
312,SYNCOPE AND COLLAPSE,"21,976"
313,CHEST PAIN,"15,703"
314,OTHER CIRCULATORY SYSTEM DIAGNOSES W MCC,"72,392"
315,OTHER CIRCULATORY SYSTEM DIAGNOSES W CC,"30,618"
316,OTHER CIRCULATORY SYSTEM DIAGNOSES W-O CC-MCC,"19,691"
326,STOMACH ESOPHAGEAL AND DUODENAL PROC W MCC,"130,782"
327,STOMACH ESOPHAGEAL AND DUODENAL PROC W CC,"62,023"
328,STOMACH ESOPHAGEAL AND DUODENAL PROC W-O CC-MCC,"33,134"
329,MAJOR SMALL AND LARGE BOWEL PROCEDURES W MCC,"111,230"
330,MAJOR SMALL AND LARGE BOWEL PROCEDURES W CC,"53,047"
331,MAJOR SMALL AND LARGE BOWEL PROCEDURES W-O CC-MCC,"35,791"
332,RECTAL RESECTION W MCC,"50,458"
333,RECTAL RESECTION W CC,"58,794"
334,RECTAL RESECTION W-O CC-MCC,"35,946"
335,PERITONEAL ADHESIOLYSIS W MCC,"123,212"
336,PERITONEAL ADHESIOLYSIS W CC,"49,642"
337,PERITONEAL ADHESIOLYSIS W-O CC-MCC,"39,151"
338,APPENDECTOMY W COMPLICATED PRINCIPAL DIAG W MCC,"77,831"
339,APPENDECTOMY W COMPLICATED PRINCIPAL DIAG W CC,"42,769"
340,APPENDECTOMY W COMPLICATED PRINCIPAL DIAG W-O CC-MCC,"31,277"
341,APPENDECTOMY W-O COMPLICATED PRINCIPAL DIAG W MCC,"51,130"
342,APPENDECTOMY W-O COMPLICATED PRINCIPAL DIAG W CC,"33,773"
343,APPENDECTOMY W-O COMPLICATED PRINCIPAL DIAG W-O CC-MCC,"23,150"
344,MINOR SMALL AND LARGE BOWEL PROCEDURES W MCC,"48,310"
345,MINOR SMALL AND LARGE BOWEL PROCEDURES W CC,"31,089"
346,MINOR SMALL AND LARGE BOWEL PROCEDURES W-O CC-MCC,"23,683"
347,ANAL AND STOMAL PROCEDURES W MCC,"190,529"
348,ANAL AND STOMAL PROCEDURES W CC,"41,429"
349,ANAL AND STOMAL PROCEDURES W-O CC-MCC,"19,832"
350,INGUINAL AND FEMORAL HERNIA PROCEDURES W MCC,"62,560"
351,INGUINAL AND FEMORAL HERNIA PROCEDURES W CC,"32,794"
352,INGUINAL AND FEMORAL HERNIA PROCEDURES W-O CC-MCC,"23,078"
353,HERNIA PROCEDURES EXCEPT INGUINAL AND FEMORAL W MCC,"185,607"
354,HERNIA PROCEDURES EXCEPT INGUINAL AND FEMORAL W CC,"33,238"
355,HERNIA PROCEDURES EXCEPT INGUINAL AND FEMORAL W-O CC-MCC,"28,193"
356,OTHER DIGESTIVE SYSTEM O.R. PROCEDURES W MCC,"81,524"
357,OTHER DIGESTIVE SYSTEM O.R. PROCEDURES W CC,"48,170"
358,OTHER DIGESTIVE SYSTEM O.R. PROCEDURES W-O CC-MCC,"32,753"
368,MAJOR ESOPHAGEAL DISORDERS W MCC,"34,692"
369,MAJOR ESOPHAGEAL DISORDERS W CC,"25,643"
370,MAJOR ESOPHAGEAL DISORDERS W-O CC-MCC,"27,076"
371,MAJOR GASTROINTESTINAL DISORDERS AND PERITONEAL INFECTIONS W MCC,"45,888"
372,MAJOR GASTROINTESTINAL DISORDERS AND PERITONEAL INFECTIONS W CC,"25,619"
373,MAJOR GASTROINTESTINAL DISORDERS AND PERITONEAL INFECTIONS W-O CC-MCC,"20,183"
374,DIGESTIVE MALIGNANCY W MCC,"56,098"
375,DIGESTIVE MALIGNANCY W CC,"32,623"
376,DIGESTIVE MALIGNANCY W-O CC-MCC,"20,800"
377,G.I. HEMORRHAGE W MCC,"44,607"
378,G.I. HEMORRHAGE W CC,"26,320"
379,G.I. HEMORRHAGE W-O CC-MCC,"12,203"
380,COMPLICATED PEPTIC ULCER W MCC,"43,251"
381,COMPLICATED PEPTIC ULCER W CC,"28,719"
382,COMPLICATED PEPTIC ULCER W-O CC-MCC,"23,999"
383,UNCOMPLICATED PEPTIC ULCER W MCC,"48,105"
384,UNCOMPLICATED PEPTIC ULCER W-O MCC,"22,978"
385,INFLAMMATORY BOWEL DISEASE W MCC,"34,961"
386,INFLAMMATORY BOWEL DISEASE W CC,"26,497"
387,INFLAMMATORY BOWEL DISEASE W-O CC-MCC,"22,489"
388,G.I. OBSTRUCTION W MCC,"41,987"
389,G.I. OBSTRUCTION W CC,"21,438"
390,G.I. OBSTRUCTION W-O CC-MCC,"13,630"
391,ESOPHAGITIS GASTROENT AND MISC DIGEST DISORDERS W MCC,"35,098"
392,ESOPHAGITIS GASTROENT AND MISC DIGEST DISORDERS W-O MCC,"19,976"
393,OTHER DIGESTIVE SYSTEM DIAGNOSES W MCC,"38,192"
394,OTHER DIGESTIVE SYSTEM DIAGNOSES W CC,"24,383"
395,OTHER DIGESTIVE SYSTEM DIAGNOSES W-O CC-MCC,"17,674"
405,PANCREAS LIVER AND SHUNT PROCEDURES W MCC,"136,870"
406,PANCREAS LIVER AND SHUNT PROCEDURES W CC,"67,351"
407,PANCREAS LIVER AND SHUNT PROCEDURES W-O CC-MCC,"40,438"
408,BILIARY TRACT PROC EXCEPT ONLY CHOLECYST W OR W-O C.D.E. W MCC,"122,879"
409,BILIARY TRACT PROC EXCEPT ONLY CHOLECYST W OR W-O C.D.E. W CC,"110,642"
410,BILIARY TRACT PROC EXCEPT ONLY CHOLECYST W OR W-O C.D.E. W-O CC-MCC,"53,558"
414,CHOLECYSTECTOMY EXCEPT BY LAPAROSCOPE W-O C.D.E. W MCC,"78,763"
415,CHOLECYSTECTOMY EXCEPT BY LAPAROSCOPE W-O C.D.E. W CC,"49,985"
416,CHOLECYSTECTOMY EXCEPT BY LAPAROSCOPE W-O C.D.E. W-O CC-MCC,"27,872"
417,LAPAROSCOPIC CHOLECYSTECTOMY W-O C.D.E. W MCC,"46,980"
418,LAPAROSCOPIC CHOLECYSTECTOMY W-O C.D.E. W CC,"42,068"
419,LAPAROSCOPIC CHOLECYSTECTOMY W-O C.D.E. W-O CC-MCC,"33,089"
420,HEPATOBILIARY DIAGNOSTIC PROCEDURES W MCC,"130,757"
421,HEPATOBILIARY DIAGNOSTIC PROCEDURES W CC,"49,115"
422,HEPATOBILIARY DIAGNOSTIC PROCEDURES W-O CC-MCC,"36,622"
423,OTHER HEPATOBILIARY OR PANCREAS O.R. PROCEDURES W MCC,"67,045"
424,OTHER HEPATOBILIARY OR PANCREAS O.R. PROCEDURES W CC,"58,026"
432,CIRRHOSIS AND ALCOHOLIC HEPATITIS W MCC,"63,950"
433,CIRRHOSIS AND ALCOHOLIC HEPATITIS W CC,"28,488"
434,CIRRHOSIS AND ALCOHOLIC HEPATITIS W-O CC-MCC,"19,966"
435,MALIGNANCY OF HEPATOBILIARY SYSTEM OR PANCREAS W MCC,"39,035"
436,MALIGNANCY OF HEPATOBILIARY SYSTEM OR PANCREAS W CC,"35,857"
437,MALIGNANCY OF HEPATOBILIARY SYSTEM OR PANCREAS W-O CC-MCC,"22,204"
438,DISORDERS OF PANCREAS EXCEPT MALIGNANCY W MCC,"47,450"
439,DISORDERS OF PANCREAS EXCEPT MALIGNANCY W CC,"25,829"
440,DISORDERS OF PANCREAS EXCEPT MALIGNANCY W-O CC-MCC,"18,109"
441,DISORDERS OF LIVER EXCEPT MALIGCIRRALC HEPA W MCC,"57,784"
442,DISORDERS OF LIVER EXCEPT MALIGCIRRALC HEPA W CC,"29,032"
443,DISORDERS OF LIVER EXCEPT MALIGCIRRALC HEPA W-O CC-MCC,"18,711"
444,DISORDERS OF THE BILIARY TRACT W MCC,"34,863"
445,DISORDERS OF THE BILIARY TRACT W CC,"28,785"
446,DISORDERS OF THE BILIARY TRACT W-O CC-MCC,"18,749"
453,COMBINED ANTERIOR-POSTERIOR SPINAL FUSION W MCC,"298,247"
454,COMBINED ANTERIOR-POSTERIOR SPINAL FUSION W CC,"175,101"
455,COMBINED ANTERIOR-POSTERIOR SPINAL FUSION W-O CC-MCC,"111,340"
456,SPINAL FUS EXC CERV W SPINAL CURV-MALIG-INFEC OR EXT FUS W MCC,"150,130"
457,SPINAL FUS EXC CERV W SPINAL CURV-MALIG-INFEC OR EXT FUS W CC,"143,027"
458,SPINAL FUS EXC CERV W SPINAL CURV-MALIG-INFEC OR EXT FUS W-O CC-MCC,"120,407"
459,SPINAL FUSION EXCEPT CERVICAL W MCC,"158,080"
460,SPINAL FUSION EXCEPT CERVICAL W-O MCC,"92,526"
463,WND DEBRID AND SKN GRFT EXC HAND FOR MUSCULO-CONN TISS DIS W MCC,"128,411"
464,WND DEBRID AND SKN GRFT EXC HAND FOR MUSCULO-CONN TISS DIS W CC,"68,742"
465,WND DEBRID AND SKN GRFT EXC HAND FOR MUSCULO-CONN TISS DIS W-O CC-MCC,"44,426"
466,REVISION OF HIP OR KNEE REPLACEMENT W MCC,"297,633"
467,REVISION OF HIP OR KNEE REPLACEMENT W CC,"91,694"
468,REVISION OF HIP OR KNEE REPLACEMENT W-O CC-MCC,"91,044"
469,MAJOR HIP AND KNEE JOINT REPLACEMENT OR REATTACHMENT OF LOWER EXTREMITY W MCC OR TOTAL ANKLE REPLACEMENT,"76,747"
470,MAJOR HIP AND KNEE JOINT REPLACEMENT OR REATTACHMENT OF LOWER EXTREMITY W-O MCC,"48,657"
471,CERVICAL SPINAL FUSION W MCC,"82,168"
472,CERVICAL SPINAL FUSION W CC,"73,069"
473,CERVICAL SPINAL FUSION W-O CC-MCC,"63,963"
474,AMPUTATION FOR MUSCULOSKELETAL SYS AND CONN TISSUE DIS W MCC,"63,713"
475,AMPUTATION FOR MUSCULOSKELETAL SYS AND CONN TISSUE DIS W CC,"49,659"
476,AMPUTATION FOR MUSCULOSKELETAL SYS AND CONN TISSUE DIS W-O CC-MCC,"33,274"
477,BIOPSIES OF MUSCULOSKELETAL SYSTEM AND CONNECTIVE TISSUE W MCC,"93,605"
478,BIOPSIES OF MUSCULOSKELETAL SYSTEM AND CONNECTIVE TISSUE W CC,"45,977"
479,BIOPSIES OF MUSCULOSKELETAL SYSTEM AND CONNECTIVE TISSUE W-O CC-MCC,"36,004"
480,HIP AND FEMUR PROCEDURES EXCEPT MAJOR JOINT W MCC,"81,290"
481,HIP AND FEMUR PROCEDURES EXCEPT MAJOR JOINT W CC,"45,418"
482,HIP AND FEMUR PROCEDURES EXCEPT MAJOR JOINT W-O CC-MCC,"37,151"
483,MAJOR JOINT-LIMB REATTACHMENT PROCEDURE OF UPPER EXTREMITIES,"51,584"
485,KNEE PROCEDURES W PDX OF INFECTION W MCC,"97,590"
486,KNEE PROCEDURES W PDX OF INFECTION W CC,"49,745"
487,KNEE PROCEDURES W PDX OF INFECTION W-O CC-MCC,"37,425"
488,KNEE PROCEDURES W-O PDX OF INFECTION W CC-MCC,"70,854"
489,KNEE PROCEDURES W-O PDX OF INFECTION W-O CC-MCC,"52,635"
492,LOWER EXTREM AND HUMER PROC EXCEPT HIPFOOTFEMUR W MCC,"122,192"
493,LOWER EXTREM AND HUMER PROC EXCEPT HIPFOOTFEMUR W CC,"56,911"
494,LOWER EXTREM AND HUMER PROC EXCEPT HIPFOOTFEMUR W-O CC-MCC,"36,978"
495,LOCAL EXCISION AND REMOVAL INT FIX DEVICES EXC HIP AND FEMUR W MCC,"100,491"
496,LOCAL EXCISION AND REMOVAL INT FIX DEVICES EXC HIP AND FEMUR W CC,"43,446"
497,LOCAL EXCISION AND REMOVAL INT FIX DEVICES EXC HIP AND FEMUR W-O CC-MCC,"34,480"
498,LOCAL EXCISION AND REMOVAL INT FIX DEVICES OF HIP AND FEMUR W CC-MCC,"57,143"
499,LOCAL EXCISION AND REMOVAL INT FIX DEVICES OF HIP AND FEMUR W-O CC-MCC,"36,216"
500,SOFT TISSUE PROCEDURES W MCC,"106,800"
501,SOFT TISSUE PROCEDURES W CC,"57,237"
502,SOFT TISSUE PROCEDURES W-O CC-MCC,"35,104"
503,FOOT PROCEDURES W MCC,"67,530"
504,FOOT PROCEDURES W CC,"50,870"
505,FOOT PROCEDURES W-O CC-MCC,"27,743"
506,MAJOR THUMB OR JOINT PROCEDURES,"36,347"
507,MAJOR SHOULDER OR ELBOW JOINT PROCEDURES W CC-MCC,"69,126"
510,SHOULDERELBOW OR FOREARM PROCEXC MAJOR JOINT PROC W MCC,"97,417"
511,SHOULDERELBOW OR FOREARM PROCEXC MAJOR JOINT PROC W CC,"44,444"
512,SHOULDERELBOW OR FOREARM PROCEXC MAJOR JOINT PROC W-O CC-MCC,"45,666"
513,HAND OR WRIST PROC EXCEPT MAJOR THUMB OR JOINT PROC W CC-MCC,"44,151"
514,HAND OR WRIST PROC EXCEPT MAJOR THUMB OR JOINT PROC W-O CC-MCC,"30,345"
515,OTHER MUSCULOSKELET SYS AND CONN TISS O.R. PROC W MCC,"187,289"
516,OTHER MUSCULOSKELET SYS AND CONN TISS O.R. PROC W CC,"54,710"
517,OTHER MUSCULOSKELET SYS AND CONN TISS O.R. PROC W-O CC-MCC,"39,594"
518,BACK AND NECK PROC EXC SPINAL FUSION W MCC OR DISC DEVICE-NEUROSTIM,"90,809"
519,BACK AND NECK PROC EXC SPINAL FUSION W CC,"62,997"
520,BACK AND NECK PROC EXC SPINAL FUSION W-O CC-MCC,"69,111"
533,FRACTURES OF FEMUR W MCC,"107,612"
534,FRACTURES OF FEMUR W-O MCC,"11,789"
535,FRACTURES OF HIP AND PELVIS W MCC,"26,862"
536,FRACTURES OF HIP AND PELVIS W-O MCC,"21,103"
537,SPRAINS STRAINS AND DISLOCATIONS OF HIP PELVIS AND THIGH W CC-MCC,"14,777"
538,SPRAINS STRAINS AND DISLOCATIONS OF HIP PELVIS AND THIGH W-O CC-MCC,"7,963"
539,OSTEOMYELITIS W MCC,"68,055"
540,OSTEOMYELITIS W CC,"37,404"
541,OSTEOMYELITIS W-O CC-MCC,"26,419"
542,PATHOLOGICAL FRACTURES AND MUSCULOSKELET AND CONN TISS MALIG W MCC,"57,260"
543,PATHOLOGICAL FRACTURES AND MUSCULOSKELET AND CONN TISS MALIG W CC,"42,842"
544,PATHOLOGICAL FRACTURES AND MUSCULOSKELET AND CONN TISS MALIG W-O CC-MCC,"23,265"
545,CONNECTIVE TISSUE DISORDERS W MCC,"69,055"
546,CONNECTIVE TISSUE DISORDERS W CC,"40,662"
547,CONNECTIVE TISSUE DISORDERS W-O CC-MCC,"42,618"
548,SEPTIC ARTHRITIS W MCC,"56,885"
549,SEPTIC ARTHRITIS W CC,"55,797"
550,SEPTIC ARTHRITIS W-O CC-MCC,"15,520"
551,MEDICAL BACK PROBLEMS W MCC,"69,885"
552,MEDICAL BACK PROBLEMS W-O MCC,"27,952"
553,BONE DISEASES AND ARTHROPATHIES W MCC,"497,928"
554,BONE DISEASES AND ARTHROPATHIES W-O MCC,"25,133"
555,SIGNS AND SYMPTOMS OF MUSCULOSKELETAL SYSTEM AND CONN TISSUE W MCC,"33,390"
556,SIGNS AND SYMPTOMS OF MUSCULOSKELETAL SYSTEM AND CONN TISSUE W-O MCC,"24,967"
557,TENDONITIS MYOSITIS AND BURSITIS W MCC,"44,546"
558,TENDONITIS MYOSITIS AND BURSITIS W-O MCC,"26,426"
559,AFTERCARE MUSCULOSKELETAL SYSTEM AND CONNECTIVE TISSUE W MCC,"75,113"
560,AFTERCARE MUSCULOSKELETAL SYSTEM AND CONNECTIVE TISSUE W CC,"39,162"
561,AFTERCARE MUSCULOSKELETAL SYSTEM AND CONNECTIVE TISSUE W-O CC-MCC,"29,908"
562,FX SPRN STRN AND DISL EXCEPT FEMUR HIP PELVIS AND THIGH W MCC,"25,684"
563,FX SPRN STRN AND DISL EXCEPT FEMUR HIP PELVIS AND THIGH W-O MCC,"22,401"
564,OTHER MUSCULOSKELETAL SYS AND CONNECTIVE TISSUE DIAGNOSES W MCC,"39,166"
565,OTHER MUSCULOSKELETAL SYS AND CONNECTIVE TISSUE DIAGNOSES W CC,"22,535"
566,OTHER MUSCULOSKELETAL SYS AND CONNECTIVE TISSUE DIAGNOSES W-O CC-MCC,"19,819"
570,SKIN DEBRIDEMENT W MCC,"98,671"
571,SKIN DEBRIDEMENT W CC,"41,363"
572,SKIN DEBRIDEMENT W-O CC-MCC,"28,872"
573,SKIN GRAFT FOR SKIN ULCER OR CELLULITIS W MCC,"385,560"
574,SKIN GRAFT FOR SKIN ULCER OR CELLULITIS W CC,"64,297"
575,SKIN GRAFT FOR SKIN ULCER OR CELLULITIS W-O CC-MCC,"14,814"
576,SKIN GRAFT EXC FOR SKIN ULCER OR CELLULITIS W MCC,"234,024"
577,SKIN GRAFT EXC FOR SKIN ULCER OR CELLULITIS W CC,"75,266"
578,SKIN GRAFT EXC FOR SKIN ULCER OR CELLULITIS W-O CC-MCC,"38,005"
579,OTHER SKIN SUBCUT TISS AND BREAST PROC W MCC,"136,117"
580,OTHER SKIN SUBCUT TISS AND BREAST PROC W CC,"33,120"
581,OTHER SKIN SUBCUT TISS AND BREAST PROC W-O CC-MCC,"24,254"
582,MASTECTOMY FOR MALIGNANCY W CC-MCC,"44,067"
583,MASTECTOMY FOR MALIGNANCY W-O CC-MCC,"37,466"
584,BREAST BIOPSY LOCAL EXCISION AND OTHER BREAST PROCEDURES W CC-MCC,"55,333"
585,BREAST BIOPSY LOCAL EXCISION AND OTHER BREAST PROCEDURES W-O CC-MCC,"42,350"
592,SKIN ULCERS W MCC,"27,892"
593,SKIN ULCERS W CC,"19,030"
595,MAJOR SKIN DISORDERS W MCC,"90,175"
596,MAJOR SKIN DISORDERS W-O MCC,"27,369"
597,MALIGNANT BREAST DISORDERS W MCC,"28,076"
598,MALIGNANT BREAST DISORDERS W CC,"28,470"
600,NON-MALIGNANT BREAST DISORDERS W CC-MCC,"37,034"
601,NON-MALIGNANT BREAST DISORDERS W-O CC-MCC,"15,483"
602,CELLULITIS W MCC,"34,122"
603,CELLULITIS W-O MCC,"16,333"
604,TRAUMA TO THE SKIN SUBCUT TISS AND BREAST W MCC,"113,001"
605,TRAUMA TO THE SKIN SUBCUT TISS AND BREAST W-O MCC,"22,003"
606,MINOR SKIN DISORDERS W MCC,"42,587"
607,MINOR SKIN DISORDERS W-O MCC,"23,768"
614,ADRENAL AND PITUITARY PROCEDURES W CC-MCC,"68,499"
615,ADRENAL AND PITUITARY PROCEDURES W-O CC-MCC,"37,915"
616,AMPUTAT OF LOWER LIMB FOR ENDOCRINENUTRITAND METABOL DIS W MCC,"72,155"
617,AMPUTAT OF LOWER LIMB FOR ENDOCRINENUTRITAND METABOL DIS W CC,"46,284"
619,O.R. PROCEDURES FOR OBESITY W MCC,"37,121"
620,O.R. PROCEDURES FOR OBESITY W CC,"41,104"
621,O.R. PROCEDURES FOR OBESITY W-O CC-MCC,"31,928"
622,SKIN GRAFTS AND WOUND DEBRID FOR ENDOC NUTRIT AND METAB DIS W MCC,"52,212"
623,SKIN GRAFTS AND WOUND DEBRID FOR ENDOC NUTRIT AND METAB DIS W CC,"45,298"
624,SKIN GRAFTS AND WOUND DEBRID FOR ENDOC NUTRIT AND METAB DIS W-O CC-MCC,"14,773"
625,THYROID PARATHYROID AND THYROGLOSSAL PROCEDURES W MCC,"48,151"
626,THYROID PARATHYROID AND THYROGLOSSAL PROCEDURES W CC,"41,254"
627,THYROID PARATHYROID AND THYROGLOSSAL PROCEDURES W-O CC-MCC,"26,414"
628,OTHER ENDOCRINE NUTRIT AND METAB O.R. PROC W MCC,"173,780"
629,OTHER ENDOCRINE NUTRIT AND METAB O.R. PROC W CC,"47,146"
630,OTHER ENDOCRINE NUTRIT AND METAB O.R. PROC W-O CC-MCC,"27,792"
637,DIABETES W MCC,"36,235"
638,DIABETES W CC,"23,604"
639,DIABETES W-O CC-MCC,"14,872"
640,MISC DISORDERS OF NUTRITIONMETABOLISMFLUIDS-ELECTROLYTES W MCC,"32,616"
641,MISC DISORDERS OF NUTRITIONMETABOLISMFLUIDS-ELECTROLYTES W-O MCC,"20,865"
642,INBORN AND OTHER DISORDERS OF METABOLISM,"71,858"
643,ENDOCRINE DISORDERS W MCC,"43,361"
644,ENDOCRINE DISORDERS W CC,"23,150"
645,ENDOCRINE DISORDERS W-O CC-MCC,"14,830"
652,KIDNEY TRANSPLANT,"185,081"
653,MAJOR BLADDER PROCEDURES W MCC,"126,899"
654,MAJOR BLADDER PROCEDURES W CC,"58,652"
655,MAJOR BLADDER PROCEDURES W-O CC-MCC,"47,688"
656,KIDNEY AND URETER PROCEDURES FOR NEOPLASM W MCC,"84,416"
657,KIDNEY AND URETER PROCEDURES FOR NEOPLASM W CC,"41,255"
658,KIDNEY AND URETER PROCEDURES FOR NEOPLASM W-O CC-MCC,"29,724"
659,KIDNEY AND URETER PROCEDURES FOR NON-NEOPLASM W MCC,"205,981"
660,KIDNEY AND URETER PROCEDURES FOR NON-NEOPLASM W CC,"31,456"
661,KIDNEY AND URETER PROCEDURES FOR NON-NEOPLASM W-O CC-MCC,"31,803"
663,MINOR BLADDER PROCEDURES W CC,"23,919"
664,MINOR BLADDER PROCEDURES W-O CC-MCC,"25,362"
667,PROSTATECTOMY W-O CC-MCC,"14,872"
668,TRANSURETHRAL PROCEDURES W MCC,"56,089"
669,TRANSURETHRAL PROCEDURES W CC,"30,541"
670,TRANSURETHRAL PROCEDURES W-O CC-MCC,"17,697"
671,URETHRAL PROCEDURES W CC-MCC,"26,967"
672,URETHRAL PROCEDURES W-O CC-MCC,"23,880"
673,OTHER KIDNEY AND URINARY TRACT PROCEDURES W MCC,"116,771"
674,OTHER KIDNEY AND URINARY TRACT PROCEDURES W CC,"49,201"
675,OTHER KIDNEY AND URINARY TRACT PROCEDURES W-O CC-MCC,"29,479"
682,RENAL FAILURE W MCC,"40,986"
683,RENAL FAILURE W CC,"22,546"
684,RENAL FAILURE W-O CC-MCC,"14,474"
686,KIDNEY AND URINARY TRACT NEOPLASMS W MCC,"59,436"
687,KIDNEY AND URINARY TRACT NEOPLASMS W CC,"24,889"
689,KIDNEY AND URINARY TRACT INFECTIONS W MCC,"31,355"
690,KIDNEY AND URINARY TRACT INFECTIONS W-O MCC,"18,175"
693,URINARY STONES W-O ESW LITHOTRIPSY W MCC,"47,719"
694,URINARY STONES W-O ESW LITHOTRIPSY W-O MCC,"23,166"
695,KIDNEY AND URINARY TRACT SIGNS AND SYMPTOMS W MCC,"33,303"
696,KIDNEY AND URINARY TRACT SIGNS AND SYMPTOMS W-O MCC,"14,193"
697,URETHRAL STRICTURE,"18,899"
698,OTHER KIDNEY AND URINARY TRACT DIAGNOSES W MCC,"42,985"
699,OTHER KIDNEY AND URINARY TRACT DIAGNOSES W CC,"31,120"
700,OTHER KIDNEY AND URINARY TRACT DIAGNOSES W-O CC-MCC,"26,328"
707,MAJOR MALE PELVIC PROCEDURES W CC-MCC,"36,133"
708,MAJOR MALE PELVIC PROCEDURES W-O CC-MCC,"28,916"
709,PENIS PROCEDURES W CC-MCC,"39,285"
710,PENIS PROCEDURES W-O CC-MCC,"22,901"
711,TESTES PROCEDURES W CC-MCC,"31,850"
712,TESTES PROCEDURES W-O CC-MCC,"18,832"
713,TRANSURETHRAL PROSTATECTOMY W CC-MCC,"63,320"
714,TRANSURETHRAL PROSTATECTOMY W-O CC-MCC,"13,118"
715,OTHER MALE REPRODUCTIVE SYSTEM O.R. PROC FOR MALIGNANCY W CC-MCC,"144,191"
716,OTHER MALE REPRODUCTIVE SYSTEM O.R. PROC FOR MALIGNANCY W-O CC-MCC,"24,525"
717,OTHER MALE REPRODUCTIVE SYSTEM O.R. PROC EXC MALIGNANCY W CC-MCC,"31,317"
718,OTHER MALE REPRODUCTIVE SYSTEM O.R. PROC EXC MALIGNANCY W-O CC-MCC,"28,545"
722,MALIGNANCY MALE REPRODUCTIVE SYSTEM W MCC,"38,423"
723,MALIGNANCY MALE REPRODUCTIVE SYSTEM W CC,"25,039"
724,MALIGNANCY MALE REPRODUCTIVE SYSTEM W-O CC-MCC,"37,820"
725,BENIGN PROSTATIC HYPERTROPHY W MCC,"22,694"
727,INFLAMMATION OF THE MALE REPRODUCTIVE SYSTEM W MCC,"36,383"
728,INFLAMMATION OF THE MALE REPRODUCTIVE SYSTEM W-O MCC,"26,043"
729,OTHER MALE REPRODUCTIVE SYSTEM DIAGNOSES W CC-MCC,"14,229"
730,OTHER MALE REPRODUCTIVE SYSTEM DIAGNOSES W-O CC-MCC,"14,189"
734,PELVIC EVISCERATION RAD HYSTERECTOMY AND RAD VULVECTOMY W CC-MCC,"48,798"
735,PELVIC EVISCERATION RAD HYSTERECTOMY AND RAD VULVECTOMY W-O CC-MCC,"29,697"
736,UTERINE AND ADNEXA PROC FOR OVARIAN OR ADNEXAL MALIGNANCY W MCC,"93,647"
737,UTERINE AND ADNEXA PROC FOR OVARIAN OR ADNEXAL MALIGNANCY W CC,"44,607"
738,UTERINE AND ADNEXA PROC FOR OVARIAN OR ADNEXAL MALIGNANCY W-O CC-MCC,"30,578"
739,UTERINEADNEXA PROC FOR NON-OVARIAN-ADNEXAL MALIG W MCC,"122,652"
740,UTERINEADNEXA PROC FOR NON-OVARIAN-ADNEXAL MALIG W CC,"46,349"
741,UTERINEADNEXA PROC FOR NON-OVARIAN-ADNEXAL MALIG W-O CC-MCC,"30,199"
742,UTERINE AND ADNEXA PROC FOR NON-MALIGNANCY W CC-MCC,"37,376"
743,UTERINE AND ADNEXA PROC FOR NON-MALIGNANCY W-O CC-MCC,"25,800"
744,DANDC CONIZATION LAPAROSCOPY AND TUBAL INTERRUPTION W CC-MCC,"37,151"
745,DANDC CONIZATION LAPAROSCOPY AND TUBAL INTERRUPTION W-O CC-MCC,"23,986"
746,VAGINA CERVIX AND VULVA PROCEDURES W CC-MCC,"38,618"
747,VAGINA CERVIX AND VULVA PROCEDURES W-O CC-MCC,"28,415"
748,FEMALE REPRODUCTIVE SYSTEM RECONSTRUCTIVE PROCEDURES,"101,962"
749,OTHER FEMALE REPRODUCTIVE SYSTEM O.R. PROCEDURES W CC-MCC,"56,996"
750,OTHER FEMALE REPRODUCTIVE SYSTEM O.R. PROCEDURES W-O CC-MCC,"16,938"
754,MALIGNANCY FEMALE REPRODUCTIVE SYSTEM W MCC,"49,744"
755,MALIGNANCY FEMALE REPRODUCTIVE SYSTEM W CC,"31,924"
756,MALIGNANCY FEMALE REPRODUCTIVE SYSTEM W-O CC-MCC,"18,674"
757,INFECTIONS FEMALE REPRODUCTIVE SYSTEM W MCC,"18,163"
758,INFECTIONS FEMALE REPRODUCTIVE SYSTEM W CC,"24,920"
759,INFECTIONS FEMALE REPRODUCTIVE SYSTEM W-O CC-MCC,"18,214"
760,MENSTRUAL AND OTHER FEMALE REPRODUCTIVE SYSTEM DISORDERS W CC-MCC,"25,780"
761,MENSTRUAL AND OTHER FEMALE REPRODUCTIVE SYSTEM DISORDERS W-O CC-MCC,"9,846"
765,CESAREAN SECTION W CC-MCC,"21,714"
766,CESAREAN SECTION W-O CC-MCC,"15,222"
767,VAGINAL DELIVERY W STERILIZATION AND-OR DANDC,"18,382"
768,VAGINAL DELIVERY W O.R. PROC EXCEPT STERIL AND-OR DANDC,"26,800"
769,POSTPARTUM AND POST ABORTION DIAGNOSES W O.R. PROCEDURE,"43,071"
770,ABORTION W DANDC ASPIRATION CURETTAGE OR HYSTEROTOMY,"16,970"
774,VAGINAL DELIVERY W COMPLICATING DIAGNOSES,"14,837"
775,VAGINAL DELIVERY W-O COMPLICATING DIAGNOSES,"10,737"
776,POSTPARTUM AND POST ABORTION DIAGNOSES W-O O.R. PROCEDURE,"17,565"
777,ECTOPIC PREGNANCY,"24,857"
778,THREATENED ABORTION,"10,529"
779,ABORTION W-O DANDC,"14,869"
780,FALSE LABOR,"11,085"
781,OTHER ANTEPARTUM DIAGNOSES W MEDICAL COMPLICATIONS,"23,310"
782,OTHER ANTEPARTUM DIAGNOSES W-O MEDICAL COMPLICATIONS,"11,236"
789,NEONATES DIED OR TRANSFERRED TO ANOTHER ACUTE CARE FACILITY,"162,365"
790,EXTREME IMMATURITY OR RESPIRATORY DISTRESS SYNDROME NEONATE,"461,944"
791,PREMATURITY W MAJOR PROBLEMS,"98,458"
792,PREMATURITY W-O MAJOR PROBLEMS,"30,956"
793,FULL TERM NEONATE W MAJOR PROBLEMS,"53,591"
794,NEONATE W OTHER SIGNIFICANT PROBLEMS,"5,153"
795,NORMAL NEWBORN,"2,798"
799,SPLENECTOMY W MCC,"56,924"
800,SPLENECTOMY W CC,"54,211"
801,SPLENECTOMY W-O CC-MCC,"27,301"
802,OTHER O.R. PROC OF THE BLOOD AND BLOOD FORMING ORGANS W MCC,"102,579"
803,OTHER O.R. PROC OF THE BLOOD AND BLOOD FORMING ORGANS W CC,"53,035"
804,OTHER O.R. PROC OF THE BLOOD AND BLOOD FORMING ORGANS W-O CC-MCC,"71,583"
808,MAJOR HEMATOL-IMMUN DIAG EXC SICKLE CELL CRISIS AND COAGUL W MCC,"48,580"
809,MAJOR HEMATOL-IMMUN DIAG EXC SICKLE CELL CRISIS AND COAGUL W CC,"29,174"
810,MAJOR HEMATOL-IMMUN DIAG EXC SICKLE CELL CRISIS AND COAGUL W-O CC-MCC,"66,098"
811,RED BLOOD CELL DISORDERS W MCC,"64,033"
812,RED BLOOD CELL DISORDERS W-O MCC,"19,589"
813,COAGULATION DISORDERS,"152,530"
814,RETICULOENDOTHELIAL AND IMMUNITY DISORDERS W MCC,"120,729"
815,RETICULOENDOTHELIAL AND IMMUNITY DISORDERS W CC,"36,823"
816,RETICULOENDOTHELIAL AND IMMUNITY DISORDERS W-O CC-MCC,"17,569"
820,LYMPHOMA AND LEUKEMIA W MAJOR O.R. PROCEDURE W MCC,"236,799"
821,LYMPHOMA AND LEUKEMIA W MAJOR O.R. PROCEDURE W CC,"61,713"
822,LYMPHOMA AND LEUKEMIA W MAJOR O.R. PROCEDURE W-O CC-MCC,"33,168"
823,LYMPHOMA AND NON-ACUTE LEUKEMIA W OTHER PROC W MCC,"230,849"
824,LYMPHOMA AND NON-ACUTE LEUKEMIA W OTHER PROC W CC,"79,943"
825,LYMPHOMA AND NON-ACUTE LEUKEMIA W OTHER PROC W-O CC-MCC,"51,453"
826,MYELOPROLIF DISORD OR POORLY DIFF NEOPL W MAJ O.R. PROC W MCC,"169,845"
827,MYELOPROLIF DISORD OR POORLY DIFF NEOPL W MAJ O.R. PROC W CC,"59,560"
828,MYELOPROLIF DISORD OR POORLY DIFF NEOPL W MAJ O.R. PROC W-O CC-MCC,"40,083"
829,MYELOPROLIFERATIVE DISORDERS OR POORLY DIFFERENTIATED NEOPLASMS W OTHER  PROCEDURE W CC-MCC,"86,941"
830,MYELOPROLIFERATIVE DISORDERS OR POORLY DIFFERENTIATED NEOPLASMS W OTHER  PROCEDURE W-O CC-MCC,"38,208"
834,ACUTE LEUKEMIA W-O MAJOR O.R. PROCEDURE W MCC,"221,278"
835,ACUTE LEUKEMIA W-O MAJOR O.R. PROCEDURE W CC,"95,446"
836,ACUTE LEUKEMIA W-O MAJOR O.R. PROCEDURE W-O CC-MCC,"56,716"
837,CHEMO W ACUTE LEUKEMIA AS SDX OR W HIGH DOSE CHEMO AGENT W MCC,"115,536"
838,CHEMO W ACUTE LEUKEMIA AS SDX W CC OR HIGH DOSE CHEMO AGENT,"45,600"
839,CHEMO W ACUTE LEUKEMIA AS SDX W-O CC-MCC,"27,901"
840,LYMPHOMA AND NON-ACUTE LEUKEMIA W MCC,"132,547"
841,LYMPHOMA AND NON-ACUTE LEUKEMIA W CC,"47,496"
842,LYMPHOMA AND NON-ACUTE LEUKEMIA W-O CC-MCC,"41,764"
843,OTHER MYELOPROLIF DIS OR POORLY DIFF NEOPL DIAG W MCC,"50,523"
844,OTHER MYELOPROLIF DIS OR POORLY DIFF NEOPL DIAG W CC,"32,289"
845,OTHER MYELOPROLIF DIS OR POORLY DIFF NEOPL DIAG W-O CC-MCC,"47,929"
846,CHEMOTHERAPY W-O ACUTE LEUKEMIA AS SECONDARY DIAGNOSIS W MCC,"81,582"
847,CHEMOTHERAPY W-O ACUTE LEUKEMIA AS SECONDARY DIAGNOSIS W CC,"26,553"
848,CHEMOTHERAPY W-O ACUTE LEUKEMIA AS SECONDARY DIAGNOSIS W-O CC-MCC,"19,370"
853,INFECTIOUS AND PARASITIC DISEASES W O.R. PROCEDURE W MCC,"167,658"
854,INFECTIOUS AND PARASITIC DISEASES W O.R. PROCEDURE W CC,"73,531"
855,INFECTIOUS AND PARASITIC DISEASES W O.R. PROCEDURE W-O CC-MCC,"29,649"
856,POSTOPERATIVE OR POST-TRAUMATIC INFECTIONS W O.R. PROC W MCC,"107,383"
857,POSTOPERATIVE OR POST-TRAUMATIC INFECTIONS W O.R. PROC W CC,"43,480"
858,POSTOPERATIVE OR POST-TRAUMATIC INFECTIONS W O.R. PROC W-O CC-MCC,"36,534"
862,POSTOPERATIVE AND POST-TRAUMATIC INFECTIONS W MCC,"45,011"
863,POSTOPERATIVE AND POST-TRAUMATIC INFECTIONS W-O MCC,"23,476"
864,FEVER,"22,028"
865,VIRAL ILLNESS W MCC,"98,612"
866,VIRAL ILLNESS W-O MCC,"14,859"
867,OTHER INFECTIOUS AND PARASITIC DISEASES DIAGNOSES W MCC,"42,801"
868,OTHER INFECTIOUS AND PARASITIC DISEASES DIAGNOSES W CC,"29,142"
869,OTHER INFECTIOUS AND PARASITIC DISEASES DIAGNOSES W-O CC-MCC,"17,716"
870,SEPTICEMIA OR SEVERE SEPSIS W MV GREATER THAN 96 HOURS,"185,218"
871,SEPTICEMIA OR SEVERE SEPSIS W-O MV GREATER THAN 96 HOURS W MCC,"53,433"
872,SEPTICEMIA OR SEVERE SEPSIS W-O MV GREATER THAN 96 HOURS W-O MCC,"26,450"
876,O.R. PROCEDURE W PRINCIPAL DIAGNOSES OF MENTAL ILLNESS,"39,840"
880,ACUTE ADJUSTMENT REACTION AND PSYCHOSOCIAL DYSFUNCTION,"24,139"
881,DEPRESSIVE NEUROSES,"25,602"
882,NEUROSES EXCEPT DEPRESSIVE,"27,502"
883,DISORDERS OF PERSONALITY AND IMPULSE CONTROL,"51,706"
884,ORGANIC DISTURBANCES AND INTELLECTUAL DISABILITY,"36,305"
885,PSYCHOSES,"39,685"
886,BEHAVIORAL AND DEVELOPMENTAL DISORDERS,"45,424"
887,OTHER MENTAL DISORDER DIAGNOSES,"70,401"
894,ALCOHOL-DRUG ABUSE OR DEPENDENCE LEFT AMA,"14,412"
895,ALCOHOL-DRUG ABUSE OR DEPENDENCE W REHABILITATION THERAPY,"18,418"
896,ALCOHOL-DRUG ABUSE OR DEPENDENCE W-O REHABILITATION THERAPY W MCC,"47,476"
897,ALCOHOL-DRUG ABUSE OR DEPENDENCE W-O REHABILITATION THERAPY W-O MCC,"19,016"
901,WOUND DEBRIDEMENTS FOR INJURIES W MCC,"90,502"
902,WOUND DEBRIDEMENTS FOR INJURIES W CC,"55,205"
903,WOUND DEBRIDEMENTS FOR INJURIES W-O CC-MCC,"28,749"
904,SKIN GRAFTS FOR INJURIES W CC-MCC,"132,629"
905,SKIN GRAFTS FOR INJURIES W-O CC-MCC,"35,620"
906,HAND PROCEDURES FOR INJURIES,"55,067"
907,OTHER O.R. PROCEDURES FOR INJURIES W MCC,"118,474"
908,OTHER O.R. PROCEDURES FOR INJURIES W CC,"55,321"
909,OTHER O.R. PROCEDURES FOR INJURIES W-O CC-MCC,"30,916"
913,TRAUMATIC INJURY W MCC,"21,629"
914,TRAUMATIC INJURY W-O MCC,"18,939"
915,ALLERGIC REACTIONS W MCC,"21,359"
916,ALLERGIC REACTIONS W-O MCC,"21,201"
917,POISONING AND TOXIC EFFECTS OF DRUGS W MCC,"42,085"
918,POISONING AND TOXIC EFFECTS OF DRUGS W-O MCC,"18,168"
919,COMPLICATIONS OF TREATMENT W MCC,"70,441"
920,COMPLICATIONS OF TREATMENT W CC,"24,646"
921,COMPLICATIONS OF TREATMENT W-O CC-MCC,"14,818"
922,OTHER INJURY POISONING AND TOXIC EFFECT DIAG W MCC,"54,477"
923,OTHER INJURY POISONING AND TOXIC EFFECT DIAG W-O MCC,"17,637"
927,EXTENSIVE BURNS OR FULL THICKNESS BURNS W MV GREATER THAN 96 HRS W SKIN GRAFT,"373,187"
928,FULL THICKNESS BURN W SKIN GRAFT OR INHAL INJ W CC-MCC,"134,795"
929,FULL THICKNESS BURN W SKIN GRAFT OR INHAL INJ W-O CC-MCC,"62,446"
933,EXTENSIVE BURNS OR FULL THICKNESS BURNS W MV GREATER THAN 96 HRS W-O SKIN GRAFT,"83,162"
934,FULL THICKNESS BURN W-O SKIN GRFT OR INHAL INJ,"37,717"
935,NON-EXTENSIVE BURNS,"31,831"
939,O.R. PROC W DIAGNOSES OF OTHER CONTACT W HEALTH SERVICES W MCC,"72,403"
940,O.R. PROC W DIAGNOSES OF OTHER CONTACT W HEALTH SERVICES W CC,"60,750"
941,O.R. PROC W DIAGNOSES OF OTHER CONTACT W HEALTH SERVICES W-O CC-MCC,"20,875"
947,SIGNS AND SYMPTOMS W MCC,"36,816"
948,SIGNS AND SYMPTOMS W-O MCC,"33,303"
949,AFTERCARE W CC-MCC,"57,883"
950,AFTERCARE W-O CC-MCC,"44,147"
951,OTHER FACTORS INFLUENCING HEALTH STATUS,"20,724"
955,CRANIOTOMY FOR MULTIPLE SIGNIFICANT TRAUMA,"179,436"
956,LIMB REATTACHMENT HIP AND FEMUR PROC FOR MULTIPLE SIGNIFICANT TRAUMA,"157,581"
957,OTHER O.R. PROCEDURES FOR MULTIPLE SIGNIFICANT TRAUMA W MCC,"166,666"
958,OTHER O.R. PROCEDURES FOR MULTIPLE SIGNIFICANT TRAUMA W CC,"101,883"
959,OTHER O.R. PROCEDURES FOR MULTIPLE SIGNIFICANT TRAUMA W-O CC-MCC,"57,483"
963,OTHER MULTIPLE SIGNIFICANT TRAUMA W MCC,"70,760"
964,OTHER MULTIPLE SIGNIFICANT TRAUMA W CC,"43,523"
965,OTHER MULTIPLE SIGNIFICANT TRAUMA W-O CC-MCC,"26,183"
969,HIV W EXTENSIVE O.R. PROCEDURE W MCC,"256,374"
970,HIV W EXTENSIVE O.R. PROCEDURE W-O MCC,"67,531"
974,HIV W MAJOR RELATED CONDITION W MCC,"95,667"
975,HIV W MAJOR RELATED CONDITION W CC,"42,333"
976,HIV W MAJOR RELATED CONDITION W-O CC-MCC,"24,730"
977,HIV W OR W-O OTHER RELATED CONDITION,"22,232"
981,EXTENSIVE O.R. PROCEDURE UNRELATED TO PRINCIPAL DIAGNOSIS W MCC,"227,775"
982,EXTENSIVE O.R. PROCEDURE UNRELATED TO PRINCIPAL DIAGNOSIS W CC,"53,452"
983,EXTENSIVE O.R. PROCEDURE UNRELATED TO PRINCIPAL DIAGNOSIS W-O CC-MCC,"42,341"
987,NON-EXTENSIVE O.R. PROC UNRELATED TO PRINCIPAL DIAGNOSIS W MCC,"169,230"
988,NON-EXTENSIVE O.R. PROC UNRELATED TO PRINCIPAL DIAGNOSIS W CC,"47,707"
989,NON-EXTENSIVE O.R. PROC UNRELATED TO PRINCIPAL DIAGNOSIS W-O CC-MCC,"27,457"
