drg_code,drg_description, avg_price , insured_avg_patient_responsibility , uninsured_avg_patient_responsibility ,,,,
,1 - HEART TRANSPLANT OR IMPLANT OF HEART ASSIST SYSTEM W MCC," 996,154 "," 131,612 "," 278,923 ",,,,
,2 - HEART TRANSPLANT OR IMPLANT OF HEART ASSIST SYSTEM W/O MCC," 518,628 "," 78,801 "," 145,216 ",,,,
,"3 - ECMO OR TRACH W MV >96 HRS OR PDX EXC FACE, MOUTH & NECK W MAJ O.R."," 820,291 "," 80,604 "," 229,681 ",,,,
,"4 - TRACH W MV >96 HRS OR PDX EXC FACE, MOUTH & NECK W/O MAJ O.R."," 439,326 "," 39,299 "," 123,011 ",,,,
,5 - LIVER TRANSPLANT W MCC OR INTESTINAL TRANSPLANT," 444,671 "," 47,361 "," 124,508 ",,,,
,6 - LIVER TRANSPLANT W/O MCC," 288,447 "," 31,268 "," 80,765 ",,,,
,7 - LUNG TRANSPLANT," 662,540 "," 75,198 "," 185,511 ",,,,
,8 - SIMULTANEOUS PANCREAS/KIDNEY TRANSPLANT," 414,981 "," 34,419 "," 116,195 ",,,,
,"11 - TRACHEOSTOMY FOR FACE, MOUTH & NECK DIAGNOSES OR LARYNGECTOMY W MCC"," 151,173 "," 12,856 "," 42,328 ",,,,
,"12 - TRACHEOSTOMY FOR FACE, MOUTH & NECK DIAGNOSES OR LARYNGECTOMY W CC"," 140,206 "," 8,771 "," 39,258 ",,,,
,"13 - TRACHEOSTOMY FOR FACE, MOUTH & NECK DIAGNOSES OR LARYNGECTOMY W/O CC/MCC"," 69,392 "," 3,563 "," 19,430 ",,,,
,14 - ALLOGENEIC BONE MARROW TRANSPLANT," 876,791 "," 86,330 "," 245,502 ",,,,
,16 - AUTOLOGOUS BONE MARROW TRANSPLANT  W CC/MCC OR T-CELL IMMUNOTHERAPY," 231,842 "," 23,368 "," 64,916 ",,,,
,17 - AUTOLOGOUS BONE MARROW TRANSPLANT W/O CC/MCC," 167,244 "," 19,064 "," 46,828 ",,,,
,20 - INTRACRANIAL VASCULAR PROCEDURES W PDX HEMORRHAGE W MCC," 294,893 "," 49,949 "," 82,570 ",,,,
,21 - INTRACRANIAL VASCULAR PROCEDURES W PDX HEMORRHAGE W CC," 226,126 "," 32,457 "," 63,315 ",,,,
,23 - CRANIOTOMY W MAJOR DEVICE IMPLANT OR ACUTE COMPLEX CNS PDX W MCC OR CHEMOTHERAPY IMPLANT OR EPILEPSY W NEUROSTIMULATOR," 198,712 "," 16,408 "," 55,639 ",,,,
,24 - CRANIO W MAJOR DEV IMPL/ACUTE COMPLEX CNS PDX W/O MCC," 154,917 "," 12,346 "," 43,377 ",,,,
,25 - CRANIOTOMY & ENDOVASCULAR INTRACRANIAL PROCEDURES W MCC," 110,771 "," 10,019 "," 31,016 ",,,,
,26 - CRANIOTOMY & ENDOVASCULAR INTRACRANIAL PROCEDURES W CC," 74,501 "," 7,384 "," 20,860 ",,,,
,27 - CRANIOTOMY & ENDOVASCULAR INTRACRANIAL PROCEDURES W/O CC/MCC," 68,802 "," 6,010 "," 19,265 ",,,,
,28 - SPINAL PROCEDURES W MCC," 87,978 "," 12,979 "," 24,634 ",,,,
,29 - SPINAL PROCEDURES W CC OR SPINAL NEUROSTIMULATORS," 72,955 "," 9,156 "," 20,427 ",,,,
,30 - SPINAL PROCEDURES W/O CC/MCC," 47,335 "," 4,513 "," 13,254 ",,,,
,31 - VENTRICULAR SHUNT PROCEDURES W MCC," 74,978 "," 9,767 "," 20,994 ",,,,
,32 - VENTRICULAR SHUNT PROCEDURES W CC," 49,054 "," 5,349 "," 13,735 ",,,,
,33 - VENTRICULAR SHUNT PROCEDURES W/O CC/MCC," 39,883 "," 4,466 "," 11,167 ",,,,
,34 - CAROTID ARTERY STENT PROCEDURE W MCC," 268,416 ", -   ," 75,156 ",,,,
,35 - CAROTID ARTERY STENT PROCEDURE W CC," 85,719 ", -   ," 24,001 ",,,,
,36 - CAROTID ARTERY STENT PROCEDURE W/O CC/MCC," 64,933 "," 4,312 "," 18,181 ",,,,
,37 - EXTRACRANIAL PROCEDURES W MCC," 161,780 ", -   ," 45,298 ",,,,
,38 - EXTRACRANIAL PROCEDURES W CC," 60,854 "," 4,334 "," 17,039 ",,,,
,39 - EXTRACRANIAL PROCEDURES W/O CC/MCC," 34,736 "," 1,926 "," 9,726 ",,,,
,40 - PERIPH/CRANIAL NERVE & OTHER NERV SYST PROC W MCC," 166,959 "," 35,906 "," 46,749 ",,,,
,41 - PERIPH/CRANIAL NERVE & OTHER NERV SYST PROC W CC OR PERIPH NEUROSTIM," 85,619 "," 7,699 "," 23,973 ",,,,
,42 - PERIPH/CRANIAL NERVE & OTHER NERV SYST PROC W/O CC/MCC," 41,495 "," 3,539 "," 11,619 ",,,,
,52 - SPINAL DISORDERS & INJURIES W CC/MCC," 85,979 ", -   ," 24,074 ",,,,
,53 - SPINAL DISORDERS & INJURIES W/O CC/MCC," 31,402 "," 2,281 "," 8,793 ",,,,
,54 - NERVOUS SYSTEM NEOPLASMS W MCC," 39,699 "," 2,607 "," 11,116 ",,,,
,55 - NERVOUS SYSTEM NEOPLASMS W/O MCC," 33,735 "," 2,406 "," 9,446 ",,,,
,56 - DEGENERATIVE NERVOUS SYSTEM DISORDERS W MCC," 72,864 "," 4,677 "," 20,402 ",,,,
,57 - DEGENERATIVE NERVOUS SYSTEM DISORDERS W/O MCC," 34,845 "," 2,910 "," 9,757 ",,,,
,58 - MULTIPLE SCLEROSIS & CEREBELLAR ATAXIA W MCC," 122,369 "," 3,164 "," 34,263 ",,,,
,59 - MULTIPLE SCLEROSIS & CEREBELLAR ATAXIA W CC," 41,517 "," 1,501 "," 11,625 ",,,,
,60 - MULTIPLE SCLEROSIS & CEREBELLAR ATAXIA W/O CC/MCC," 29,907 "," 1,576 "," 8,374 ",,,,
,"61 - ISCHEMIC STROKE, PRECEREBRAL OCCLUSION OR TRANSIENT ISCHEMIA W THROMBOLYTIC AGENT W MCC"," 92,774 "," 6,488 "," 25,977 ",,,,
,"62 - ISCHEMIC STROKE, PRECEREBRAL OCCLUSION OR TRANSIENT ISCHEMIA W THROMBOLYTIC AGENT W CC"," 78,166 "," 3,775 "," 21,887 ",,,,
,"63 - ISCHEMIC STROKE, PRECEREBRAL OCCLUSION OR TRANSIENT ISCHEMIA W THROMBOLYTIC AGENT W/O CC/MCC"," 75,084 "," 4,787 "," 21,024 ",,,,
,64 - INTRACRANIAL HEMORRHAGE OR CEREBRAL INFARCTION W MCC," 70,728 "," 5,550 "," 19,804 ",,,,
,65 - INTRACRANIAL HEMORRHAGE OR CEREBRAL INFARCTION W CC OR TPA IN 24 HRS," 43,639 "," 2,495 "," 12,219 ",,,,
,66 - INTRACRANIAL HEMORRHAGE OR CEREBRAL INFARCTION W/O CC/MCC," 42,112 "," 2,749 "," 11,791 ",,,,
,67 - NONSPECIFIC CVA & PRECEREBRAL OCCLUSION W/O INFARCT W MCC," 82,893 ", -   ," 23,210 ",,,,
,68 - NONSPECIFIC CVA & PRECEREBRAL OCCLUSION W/O INFARCT W/O MCC," 31,325 "," 1,840 "," 8,771 ",,,,
,69 - TRANSIENT ISCHEMIA W/O THROMBOLYTIC," 30,619 "," 2,434 "," 8,573 ",,,,
,70 - NONSPECIFIC CEREBROVASCULAR DISORDERS W MCC," 74,246 "," 3,800 "," 20,789 ",,,,
,71 - NONSPECIFIC CEREBROVASCULAR DISORDERS W CC," 35,802 "," 1,822 "," 10,025 ",,,,
,72 - NONSPECIFIC CEREBROVASCULAR DISORDERS W/O CC/MCC," 33,452 "," 1,832 "," 9,367 ",,,,
,73 - CRANIAL & PERIPHERAL NERVE DISORDERS W MCC," 56,157 "," 3,589 "," 15,724 ",,,,
,74 - CRANIAL & PERIPHERAL NERVE DISORDERS W/O MCC," 43,583 "," 3,008 "," 12,203 ",,,,
,75 - VIRAL MENINGITIS W CC/MCC," 25,794 "," 3,179 "," 7,222 ",,,,
,76 - VIRAL MENINGITIS W/O CC/MCC," 14,210 "," 1,631 "," 3,979 ",,,,
,77 - HYPERTENSIVE ENCEPHALOPATHY W MCC," 35,169 ", -   ," 9,847 ",,,,
,78 - HYPERTENSIVE ENCEPHALOPATHY W CC," 30,916 ", -   ," 8,656 ",,,,
,80 - NONTRAUMATIC STUPOR & COMA W MCC," 24,872 "," 1,855 "," 6,964 ",,,,
,81 - NONTRAUMATIC STUPOR & COMA W/O MCC," 21,890 "," 1,743 "," 6,129 ",,,,
,"82 - TRAUMATIC STUPOR & COMA, COMA >1 HR W MCC"," 69,165 "," 3,998 "," 19,366 ",,,,
,"83 - TRAUMATIC STUPOR & COMA, COMA >1 HR W CC"," 42,753 "," 3,472 "," 11,971 ",,,,
,"84 - TRAUMATIC STUPOR & COMA, COMA >1 HR W/O CC/MCC"," 37,219 "," 2,201 "," 10,421 ",,,,
,"85 - TRAUMATIC STUPOR & COMA, COMA <1 HR W MCC"," 101,843 "," 2,851 "," 28,516 ",,,,
,"86 - TRAUMATIC STUPOR & COMA, COMA <1 HR W CC"," 35,931 "," 2,399 "," 10,061 ",,,,
,"87 - TRAUMATIC STUPOR & COMA, COMA <1 HR W/O CC/MCC"," 26,750 "," 1,596 "," 7,490 ",,,,
,89 - CONCUSSION W CC," 33,259 ", -   ," 9,313 ",,,,
,90 - CONCUSSION W/O CC/MCC," 18,700 "," 1,580 "," 5,236 ",,,,
,91 - OTHER DISORDERS OF NERVOUS SYSTEM W MCC," 75,822 "," 6,345 "," 21,230 ",,,,
,92 - OTHER DISORDERS OF NERVOUS SYSTEM W CC," 39,580 "," 2,835 "," 11,082 ",,,,
,93 - OTHER DISORDERS OF NERVOUS SYSTEM W/O CC/MCC," 28,192 "," 1,645 "," 7,894 ",,,,
,94 - BACTERIAL & TUBERCULOUS INFECTIONS OF NERVOUS SYSTEM W MCC," 86,227 "," 8,304 "," 24,144 ",,,,
,95 - BACTERIAL & TUBERCULOUS INFECTIONS OF NERVOUS SYSTEM W CC," 31,054 "," 3,439 "," 8,695 ",,,,
,96 - BACTERIAL & TUBERCULOUS INFECTIONS OF NERVOUS SYSTEM W/O CC/MCC," 88,781 "," 7,073 "," 24,859 ",,,,
,97 - NON-BACTERIAL INFECT OF NERVOUS SYS EXC VIRAL MENINGITIS W MCC," 195,481 "," 21,568 "," 54,735 ",,,,
,98 - NON-BACTERIAL INFECT OF NERVOUS SYS EXC VIRAL MENINGITIS W CC," 111,642 "," 8,023 "," 31,260 ",,,,
,99 - NON-BACTERIAL INFECT OF NERVOUS SYS EXC VIRAL MENINGITIS W/O CC/MCC," 45,960 "," 2,349 "," 12,869 ",,,,
,100 - SEIZURES W MCC," 65,039 "," 3,206 "," 18,211 ",,,,
,101 - SEIZURES W/O MCC," 27,364 "," 1,638 "," 7,662 ",,,,
,102 - HEADACHES W MCC," 26,950 "," 1,483 "," 7,546 ",,,,
,103 - HEADACHES W/O MCC," 20,904 "," 1,362 "," 5,853 ",,,,
,104 - CARDIAC VALVE & OTHER MAJOR CARDIOTHORACIC PROC W CARDIAC CATH," 52,266 ", -   ," 14,635 ",,,,
,105 - CARDIAC VALVE & OTH MAJOR CARDIOTHORACIC PROC W/O CARD CATH," 12,476 ", -   ," 3,493 ",,,,
,107 - SEIZURES AND HEADACHES AGE 0-17," 24,384 ", -   ," 6,828 ",,,,
,109 - CORONARY BYPASS W/O PTCA W/O CARDIAC CATH," 137,585 ", -   ," 38,524 ",,,,
,113 - ORBITAL PROCEDURES W CC/MCC," 36,264 ", -   ," 10,154 ",,,,
,114 - ORBITAL PROCEDURES W/O CC/MCC," 39,885 "," 3,067 "," 11,168 ",,,,
,115 - EXTRAOCULAR PROCEDURES EXCEPT ORBIT," 84,733 "," 3,495 "," 23,725 ",,,,
,116 - INTRAOCULAR PROCEDURES W CC/MCC," 111,937 "," 20,331 "," 31,342 ",,,,
,117 - INTRAOCULAR PROCEDURES W/O CC/MCC," 71,175 "," 3,005 "," 19,929 ",,,,
,121 - ACUTE MAJOR EYE INFECTIONS W CC/MCC," 34,094 ", -   ," 9,546 ",,,,
,122 - ACUTE MAJOR EYE INFECTIONS W/O CC/MCC," 13,647 "," 1,831 "," 3,821 ",,,,
,123 - NEUROLOGICAL EYE DISORDERS," 35,105 "," 1,887 "," 9,829 ",,,,
,124 - OTHER DISORDERS OF THE EYE W MCC," 162,228 "," 3,767 "," 45,424 ",,,,
,125 - OTHER DISORDERS OF THE EYE W/O MCC," 33,105 "," 1,969 "," 9,270 ",,,,
,129 - MAJOR HEAD & NECK PROCEDURES W CC/MCC OR MAJOR DEVICE," 91,235 "," 5,014 "," 25,546 ",,,,
,130 - MAJOR HEAD & NECK PROCEDURES W/O CC/MCC," 36,360 "," 2,471 "," 10,181 ",,,,
,131 - CRANIAL/FACIAL PROCEDURES W CC/MCC," 61,968 "," 3,875 "," 17,351 ",,,,
,132 - CRANIAL/FACIAL PROCEDURES W/O CC/MCC," 49,415 "," 2,795 "," 13,836 ",,,,
,"133 - OTHER EAR, NOSE, MOUTH & THROAT O.R. PROCEDURES W CC/MCC"," 54,234 "," 4,162 "," 15,185 ",,,,
,"134 - OTHER EAR, NOSE, MOUTH & THROAT O.R. PROCEDURES W/O CC/MCC"," 24,346 "," 1,528 "," 6,817 ",,,,
,135 - SINUS & MASTOID PROCEDURES W CC/MCC," 98,826 "," 12,221 "," 27,671 ",,,,
,136 - SINUS & MASTOID PROCEDURES W/O CC/MCC," 38,777 ", -   ," 10,858 ",,,,
,137 - MOUTH PROCEDURES W CC/MCC," 31,302 ", -   ," 8,765 ",,,,
,138 - MOUTH PROCEDURES W/O CC/MCC," 51,874 "," 2,116 "," 14,525 ",,,,
,140 - ANGINA PECTORIS," 29,446 ", -   ," 8,245 ",,,,
,141 - SYNCOPE & COLLAPSE W CC," 15,050 ", -   ," 4,214 ",,,,
,143 - CHEST PAIN," 50,112 ", -   ," 14,031 ",,,,
,144 - OTHER CIRCULATORY SYSTEM DIAGNOSES W CC," 18,517 ", -   ," 5,185 ",,,,
,145 - OTHER CIRCULATORY SYSTEM DIAGNOSES W/O CC," 14,028 ", -   ," 3,928 ",,,,
,"146 - EAR, NOSE, MOUTH & THROAT MALIGNANCY W MCC"," 36,844 ", -   ," 10,316 ",,,,
,"148 - EAR, NOSE, MOUTH & THROAT MALIGNANCY W/O CC/MCC"," 32,605 "," 1,989 "," 9,129 ",,,,
,149 - DYSEQUILIBRIUM," 27,554 "," 1,722 "," 7,715 ",,,,
,150 - EPISTAXIS W MCC," 37,878 ", -   ," 10,606 ",,,,
,151 - EPISTAXIS W/O MCC," 12,125 ", -   ," 3,395 ",,,,
,152 - OTITIS MEDIA & URI W MCC," 43,793 "," 5,113 "," 12,262 ",,,,
,153 - OTITIS MEDIA & URI W/O MCC," 24,833 "," 2,807 "," 6,953 ",,,,
,"154 - OTHER EAR, NOSE, MOUTH & THROAT DIAGNOSES W MCC"," 29,170 ", -   ," 8,168 ",,,,
,"155 - OTHER EAR, NOSE, MOUTH & THROAT DIAGNOSES W CC"," 22,342 "," 1,759 "," 6,256 ",,,,
,"156 - OTHER EAR, NOSE, MOUTH & THROAT DIAGNOSES W/O CC/MCC"," 23,436 "," 1,627 "," 6,562 ",,,,
,157 - DENTAL & ORAL DISEASES W MCC," 33,525 "," 2,411 "," 9,387 ",,,,
,158 - DENTAL & ORAL DISEASES W CC," 37,611 "," 1,715 "," 10,531 ",,,,
,159 - DENTAL & ORAL DISEASES W/O CC/MCC," 13,414 ", 293 ," 3,756 ",,,,
,160 - HERNIA PROCEDURES EXCEPT INGUINAL & FEMORAL AGE >17 W/O CC," 14,758 ", -   ," 4,132 ",,,,
,161 - INGUINAL & FEMORAL HERNIA PROCEDURES AGE >17 W CC," 34,519 ", -   ," 9,665 ",,,,
,162 - INGUINAL & FEMORAL HERNIA PROCEDURES AGE >17 W/O CC," 17,592 ", -   ," 4,926 ",,,,
,163 - MAJOR CHEST PROCEDURES W MCC," 142,896 "," 12,414 "," 40,011 ",,,,
,164 - MAJOR CHEST PROCEDURES W CC," 65,516 "," 6,354 "," 18,344 ",,,,
,165 - MAJOR CHEST PROCEDURES W/O CC/MCC," 46,360 "," 3,851 "," 12,981 ",,,,
,166 - OTHER RESP SYSTEM O.R. PROCEDURES W MCC," 105,555 "," 12,425 "," 29,555 ",,,,
,167 - OTHER RESP SYSTEM O.R. PROCEDURES W CC," 55,336 "," 4,652 "," 15,494 ",,,,
,168 - OTHER RESP SYSTEM O.R. PROCEDURES W/O CC/MCC," 39,418 "," 2,940 "," 11,037 ",,,,
,169 - MOUTH PROCEDURES W/O CC," 6,267 ", -   ," 1,755 ",,,,
,170 - OTHER DIGESTIVE SYSTEM O.R. PROCEDURES W CC," 10,968 ", -   ," 3,071 ",,,,
,172 - DIGESTIVE MALIGNANCY W CC," 16,427 ", -   ," 4,600 ",,,,
,174 - G.I. HEMORRHAGE W CC," 7,800 ", -   ," 2,184 ",,,,
,175 - PULMONARY EMBOLISM W MCC," 42,056 "," 3,165 "," 11,776 ",,,,
,176 - PULMONARY EMBOLISM W/O MCC," 24,535 "," 1,922 "," 6,870 ",,,,
,177 - RESPIRATORY INFECTIONS & INFLAMMATIONS W MCC," 57,801 "," 4,196 "," 16,184 ",,,,
,178 - RESPIRATORY INFECTIONS & INFLAMMATIONS W CC," 38,978 "," 3,299 "," 10,914 ",,,,
,179 - RESPIRATORY INFECTIONS & INFLAMMATIONS W/O CC/MCC," 33,326 "," 1,868 "," 9,331 ",,,,
,180 - RESPIRATORY NEOPLASMS W MCC," 45,182 "," 3,703 "," 12,651 ",,,,
,181 - RESPIRATORY NEOPLASMS W CC," 32,135 "," 2,184 "," 8,998 ",,,,
,182 - RESPIRATORY NEOPLASMS W/O CC/MCC," 17,234 ", -   ," 4,825 ",,,,
,183 - MAJOR CHEST TRAUMA W MCC," 24,331 "," 3,610 "," 6,813 ",,,,
,184 - MAJOR CHEST TRAUMA W CC," 37,425 "," 1,649 "," 10,479 ",,,,
,185 - MAJOR CHEST TRAUMA W/O CC/MCC," 27,374 ", -   ," 7,665 ",,,,
,186 - PLEURAL EFFUSION W MCC," 50,488 "," 3,686 "," 14,137 ",,,,
,187 - PLEURAL EFFUSION W CC," 30,474 "," 2,798 "," 8,533 ",,,,
,188 - PLEURAL EFFUSION W/O CC/MCC," 20,935 "," 1,599 "," 5,862 ",,,,
,189 - PULMONARY EDEMA & RESPIRATORY FAILURE," 35,828 "," 2,602 "," 10,032 ",,,,
,190 - CHRONIC OBSTRUCTIVE PULMONARY DISEASE W MCC," 29,966 "," 2,384 "," 8,390 ",,,,
,191 - CHRONIC OBSTRUCTIVE PULMONARY DISEASE W CC," 22,776 "," 2,153 "," 6,377 ",,,,
,192 - CHRONIC OBSTRUCTIVE PULMONARY DISEASE W/O CC/MCC," 16,252 "," 1,285 "," 4,551 ",,,,
,193 - SIMPLE PNEUMONIA & PLEURISY W MCC," 38,515 "," 2,460 "," 10,784 ",,,,
,194 - SIMPLE PNEUMONIA & PLEURISY W CC," 23,111 "," 1,910 "," 6,471 ",,,,
,195 - SIMPLE PNEUMONIA & PLEURISY W/O CC/MCC," 16,637 "," 1,039 "," 4,658 ",,,,
,196 - INTERSTITIAL LUNG DISEASE W MCC," 77,127 "," 10,905 "," 21,595 ",,,,
,197 - INTERSTITIAL LUNG DISEASE W CC," 21,181 "," 2,346 "," 5,931 ",,,,
,198 - INTERSTITIAL LUNG DISEASE W/O CC/MCC," 55,724 "," 1,290 "," 15,603 ",,,,
,199 - PNEUMOTHORAX W MCC," 39,211 "," 4,164 "," 10,979 ",,,,
,200 - PNEUMOTHORAX W CC," 26,527 "," 1,945 "," 7,428 ",,,,
,201 - PNEUMOTHORAX W/O CC/MCC," 19,406 "," 1,020 "," 5,434 ",,,,
,202 - BRONCHITIS & ASTHMA W CC/MCC," 19,530 "," 1,596 "," 5,468 ",,,,
,203 - BRONCHITIS & ASTHMA W/O CC/MCC," 10,739 "," 1,127 "," 3,007 ",,,,
,204 - RESPIRATORY SIGNS & SYMPTOMS," 24,319 "," 1,862 "," 6,809 ",,,,
,205 - OTHER RESPIRATORY SYSTEM DIAGNOSES W MCC," 62,841 "," 6,467 "," 17,596 ",,,,
,206 - OTHER RESPIRATORY SYSTEM DIAGNOSES W/O MCC," 49,080 "," 3,262 "," 13,742 ",,,,
,207 - RESPIRATORY SYSTEM DIAGNOSIS W VENTILATOR SUPPORT >96 HOURS OR PERIPHERAL EXTRACORPOREAL MEMBRANE OXYGENATION (ECMO)," 191,405 "," 24,114 "," 53,593 ",,,,
,208 - RESPIRATORY SYSTEM DIAGNOSIS W VENTILATOR SUPPORT <=96 HOURS," 74,667 "," 5,340 "," 20,907 ",,,,
,211 - HIP & FEMUR PROCEDURES EXCEPT MAJOR JOINT AGE >17 W/O CC," 4,683 ", -   ," 1,311 ",,,,
,214 - RED BLOOD CELL DISORDERS AGE 0-17," 21,702 ", -   ," 6,076 ",,,,
,215 - OTHER HEART ASSIST SYSTEM IMPLANT," 676,833 "," 188,173 "," 189,513 ",,,,
,216 - CARDIAC VALVE & OTH MAJ CARDIOTHORACIC PROC W CARD CATH W MCC," 317,707 "," 34,239 "," 88,958 ",,,,
,217 - CARDIAC VALVE & OTH MAJ CARDIOTHORACIC PROC W CARD CATH W CC," 194,135 "," 18,879 "," 54,358 ",,,,
,218 - CARDIAC VALVE & OTH MAJ CARDIOTHORACIC PROC W CARD CATH W/O CC/MCC," 158,614 "," 23,923 "," 44,412 ",,,,
,219 - CARDIAC VALVE & OTH MAJ CARDIOTHORACIC PROC W/O CARD CATH W MCC," 220,000 "," 23,168 "," 61,600 ",,,,
,220 - CARDIAC VALVE & OTH MAJ CARDIOTHORACIC PROC W/O CARD CATH W CC," 167,475 "," 16,031 "," 46,893 ",,,,
,221 - CARDIAC VALVE & OTH MAJ CARDIOTHORACIC PROC W/O CARD CATH W/O CC/MCC," 168,762 "," 10,349 "," 47,253 ",,,,
,222 - CARDIAC DEFIB IMPLANT W CARDIAC CATH W AMI/HF/SHOCK W MCC," 349,829 "," 33,603 "," 97,952 ",,,,
,223 - CARDIAC DEFIB IMPLANT W CARDIAC CATH W AMI/HF/SHOCK W/O MCC," 286,844 ", -   ," 80,316 ",,,,
,224 - CARDIAC DEFIB IMPLANT W CARDIAC CATH W/O AMI/HF/SHOCK W MCC," 315,269 "," 27,174 "," 88,275 ",,,,
,225 - CARDIAC DEFIB IMPLANT W CARDIAC CATH W/O AMI/HF/SHOCK W/O MCC," 278,389 "," 34,402 "," 77,949 ",,,,
,226 - CARDIAC DEFIBRILLATOR IMPLANT W/O CARDIAC CATH W MCC," 289,047 "," 26,542 "," 80,933 ",,,,
,227 - CARDIAC DEFIBRILLATOR IMPLANT W/O CARDIAC CATH W/O MCC," 260,557 "," 26,097 "," 72,956 ",,,,
,228 - OTHER CARDIOTHORACIC PROCEDURES W MCC," 293,913 "," 38,258 "," 82,296 ",,,,
,229 - OTHER CARDIOTHORACIC PROCEDURES W/O MCC," 135,788 "," 12,636 "," 38,021 ",,,,
,231 - CORONARY BYPASS W PTCA W MCC," 280,495 "," 33,343 "," 78,539 ",,,,
,232 - CORONARY BYPASS W PTCA W/O MCC," 195,713 ", -   ," 54,800 ",,,,
,233 - CORONARY BYPASS W CARDIAC CATH W MCC," 233,187 "," 30,941 "," 65,292 ",,,,
,234 - CORONARY BYPASS W CARDIAC CATH W/O MCC," 162,626 "," 11,589 "," 45,535 ",,,,
,235 - CORONARY BYPASS W/O CARDIAC CATH W MCC," 162,010 "," 17,953 "," 45,363 ",,,,
,236 - CORONARY BYPASS W/O CARDIAC CATH W/O MCC," 120,040 "," 9,361 "," 33,611 ",,,,
,239 - AMPUTATION FOR CIRC SYS DISORDERS EXC UPPER LIMB & TOE W MCC," 87,418 "," 13,155 "," 24,477 ",,,,
,240 - AMPUTATION FOR CIRC SYS DISORDERS EXC UPPER LIMB & TOE W CC," 63,800 "," 7,075 "," 17,864 ",,,,
,241 - AMPUTATION FOR CIRC SYS DISORDERS EXC UPPER LIMB & TOE W/O CC/MCC," 37,701 ", -   ," 10,556 ",,,,
,242 - PERMANENT CARDIAC PACEMAKER IMPLANT W MCC," 154,612 "," 16,222 "," 43,291 ",,,,
,243 - PERMANENT CARDIAC PACEMAKER IMPLANT W CC," 118,175 "," 9,283 "," 33,089 ",,,,
,244 - PERMANENT CARDIAC PACEMAKER IMPLANT W/O CC/MCC," 84,950 "," 4,025 "," 23,786 ",,,,
,245 - AICD GENERATOR PROCEDURES," 263,672 "," 19,724 "," 73,828 ",,,,
,246 - PERCUTANEOUS CARDIOVASCULAR PROCEDURES W DRUG-ELUTING STENT W MCC OR 4+ ARTERIES OR STENTS," 105,366 "," 8,382 "," 29,502 ",,,,
,247 - PERC CARDIOVASC PROC W DRUG-ELUTING STENT W/O MCC," 73,360 "," 5,374 "," 20,541 ",,,,
,248 - PERCUTANEOUS CARDIOVASCULAR PROCEDURES W NON-DRUG-ELUTING STENT W MCC OR 4+ ARTERIES OR STENTS," 93,994 ", -   ," 26,318 ",,,,
,250 - PERC CARDIOVASC PROC W/O CORONARY ARTERY STENT W MCC," 77,575 ", -   ," 21,721 ",,,,
,251 - PERC CARDIOVASC PROC W/O CORONARY ARTERY STENT W/O MCC," 60,311 "," 5,394 "," 16,887 ",,,,
,252 - OTHER VASCULAR PROCEDURES W MCC," 114,091 "," 17,760 "," 31,945 ",,,,
,253 - OTHER VASCULAR PROCEDURES W CC," 82,108 "," 6,485 "," 22,990 ",,,,
,254 - OTHER VASCULAR PROCEDURES W/O CC/MCC," 49,627 "," 4,068 "," 13,895 ",,,,
,255 - UPPER LIMB & TOE AMPUTATION FOR CIRC SYSTEM DISORDERS W MCC," 57,019 ", -   ," 15,965 ",,,,
,256 - UPPER LIMB & TOE AMPUTATION FOR CIRC SYSTEM DISORDERS W CC," 40,709 ", -   ," 11,399 ",,,,
,257 - UPPER LIMB & TOE AMPUTATION FOR CIRC SYSTEM DISORDERS W/O CC/MCC," 26,180 ", -   ," 7,330 ",,,,
,258 - CARDIAC PACEMAKER DEVICE REPLACEMENT W MCC," 53,915 ", -   ," 15,096 ",,,,
,259 - CARDIAC PACEMAKER DEVICE REPLACEMENT W/O MCC," 64,187 "," 4,778 "," 17,972 ",,,,
,260 - CARDIAC PACEMAKER REVISION EXCEPT DEVICE REPLACEMENT W MCC," 121,463 "," 8,769 "," 34,010 ",,,,
,261 - CARDIAC PACEMAKER REVISION EXCEPT DEVICE REPLACEMENT W CC," 124,088 "," 4,175 "," 34,745 ",,,,
,262 - CARDIAC PACEMAKER REVISION EXCEPT DEVICE REPLACEMENT W/O CC/MCC," 69,910 ", -   ," 19,575 ",,,,
,263 - VEIN LIGATION & STRIPPING," 136,943 ", -   ," 38,344 ",,,,
,264 - OTHER CIRCULATORY SYSTEM O.R. PROCEDURES," 110,604 "," 15,991 "," 30,969 ",,,,
,265 - AICD LEAD PROCEDURES," 86,114 ", -   ," 24,112 ",,,,
,266 - ENDOVASCULAR CARDIAC VALVE REPLACEMENT W MCC," 332,651 "," 41,539 "," 93,142 ",,,,
,267 - ENDOVASCULAR CARDIAC VALVE REPLACEMENT W/O MCC," 240,575 "," 25,661 "," 67,361 ",,,,
,268 - AORTIC AND HEART ASSIST PROCEDURES EXCEPT PULSATION BALLOON W MCC," 222,136 "," 36,070 "," 62,198 ",,,,
,269 - AORTIC AND HEART ASSIST PROCEDURES EXCEPT PULSATION BALLOON W/O MCC," 146,717 "," 10,617 "," 41,081 ",,,,
,270 - OTHER MAJOR CARDIOVASCULAR PROCEDURES W MCC," 192,395 "," 18,886 "," 53,871 ",,,,
,271 - OTHER MAJOR CARDIOVASCULAR PROCEDURES W CC," 116,363 "," 9,381 "," 32,582 ",,,,
,272 - OTHER MAJOR CARDIOVASCULAR PROCEDURES W/O CC/MCC," 77,832 "," 6,177 "," 21,793 ",,,,
,273 - PERCUTANEOUS INTRACARDIAC PROCEDURES W MCC," 153,390 "," 10,583 "," 42,949 ",,,,
,274 - PERCUTANEOUS INTRACARDIAC PROCEDURES W/O MCC," 122,527 "," 7,832 "," 34,308 ",,,,
,276 - NON-MALIGNANT BREAST DISORDERS," 130,920 ", -   ," 36,658 ",,,,
,277 - CELLULITIS AGE >17 W CC," 345,138 ", -   ," 96,639 ",,,,
,278 - CELLULITIS AGE >17 W/O CC," 122,322 ", -   ," 34,250 ",,,,
,"280 - ACUTE MYOCARDIAL INFARCTION, DISCHARGED ALIVE W MCC"," 58,532 "," 4,727 "," 16,389 ",,,,
,"281 - ACUTE MYOCARDIAL INFARCTION, DISCHARGED ALIVE W CC"," 29,922 "," 1,821 "," 8,378 ",,,,
,"282 - ACUTE MYOCARDIAL INFARCTION, DISCHARGED ALIVE W/O CC/MCC"," 25,230 "," 1,739 "," 7,064 ",,,,
,"283 - ACUTE MYOCARDIAL INFARCTION, EXPIRED W MCC"," 80,209 "," 5,899 "," 22,459 ",,,,
,"286 - CIRCULATORY DISORDERS EXCEPT AMI, W CARD CATH W MCC"," 81,537 "," 7,295 "," 22,830 ",,,,
,"287 - CIRCULATORY DISORDERS EXCEPT AMI, W CARD CATH W/O MCC"," 43,845 "," 2,629 "," 12,277 ",,,,
,288 - ACUTE & SUBACUTE ENDOCARDITIS W MCC," 79,804 ", -   ," 22,345 ",,,,
,289 - ACUTE & SUBACUTE ENDOCARDITIS W CC," 19,440 "," 2,896 "," 5,443 ",,,,
,290 - ACUTE & SUBACUTE ENDOCARDITIS W/O CC/MCC," 23,775 "," 1,072 "," 6,657 ",,,,
,291 - HEART FAILURE & SHOCK W MCC OR PERIPHERAL EXTRACORPOREAL MEMBRANE OXYGENATION (ECMO)," 38,437 "," 3,541 "," 10,762 ",,,,
,292 - HEART FAILURE & SHOCK W CC," 26,283 "," 1,734 "," 7,359 ",,,,
,293 - HEART FAILURE & SHOCK W/O CC/MCC," 20,655 "," 2,016 "," 5,783 ",,,,
,294 - DEEP VEIN THROMBOPHLEBITIS W CC/MCC," 25,971 ", -   ," 7,272 ",,,,
,"296 - CARDIAC ARREST, UNEXPLAINED W MCC OR PERIPHERAL EXTRACORPOREAL MEMBRANE OXYGENATION (ECMO)"," 50,930 "," 3,347 "," 14,260 ",,,,
,299 - PERIPHERAL VASCULAR DISORDERS W MCC," 46,148 "," 3,845 "," 12,922 ",,,,
,300 - PERIPHERAL VASCULAR DISORDERS W CC," 24,066 "," 2,637 "," 6,739 ",,,,
,301 - PERIPHERAL VASCULAR DISORDERS W/O CC/MCC," 27,078 "," 1,445 "," 7,582 ",,,,
,302 - ATHEROSCLEROSIS W MCC," 24,852 "," 2,277 "," 6,959 ",,,,
,303 - ATHEROSCLEROSIS W/O MCC," 21,836 "," 2,248 "," 6,114 ",,,,
,304 - HYPERTENSION W MCC," 31,341 "," 1,998 "," 8,776 ",,,,
,305 - HYPERTENSION W/O MCC," 22,502 "," 1,501 "," 6,300 ",,,,
,306 - CARDIAC CONGENITAL & VALVULAR DISORDERS W MCC," 103,494 ", -   ," 28,978 ",,,,
,307 - CARDIAC CONGENITAL & VALVULAR DISORDERS W/O MCC," 26,013 "," 2,206 "," 7,284 ",,,,
,308 - CARDIAC ARRHYTHMIA & CONDUCTION DISORDERS W MCC," 39,570 "," 2,384 "," 11,080 ",,,,
,309 - CARDIAC ARRHYTHMIA & CONDUCTION DISORDERS W CC," 19,779 "," 1,740 "," 5,538 ",,,,
,310 - CARDIAC ARRHYTHMIA & CONDUCTION DISORDERS W/O CC/MCC," 17,092 "," 1,380 "," 4,786 ",,,,
,311 - ANGINA PECTORIS," 21,955 ", -   ," 6,147 ",,,,
,312 - SYNCOPE & COLLAPSE," 27,943 "," 2,113 "," 7,824 ",,,,
,313 - CHEST PAIN," 27,730 "," 1,519 "," 7,764 ",,,,
,314 - OTHER CIRCULATORY SYSTEM DIAGNOSES W MCC," 59,829 "," 4,574 "," 16,752 ",,,,
,315 - OTHER CIRCULATORY SYSTEM DIAGNOSES W CC," 43,591 "," 2,325 "," 12,205 ",,,,
,316 - OTHER CIRCULATORY SYSTEM DIAGNOSES W/O CC/MCC," 25,530 "," 2,051 "," 7,148 ",,,,
,"326 - STOMACH, ESOPHAGEAL & DUODENAL PROC W MCC"," 171,097 "," 23,671 "," 47,907 ",,,,
,"327 - STOMACH, ESOPHAGEAL & DUODENAL PROC W CC"," 78,271 "," 5,646 "," 21,916 ",,,,
,"328 - STOMACH, ESOPHAGEAL & DUODENAL PROC W/O CC/MCC"," 53,361 "," 3,393 "," 14,941 ",,,,
,329 - MAJOR SMALL & LARGE BOWEL PROCEDURES W MCC," 133,132 "," 9,223 "," 37,277 ",,,,
,330 - MAJOR SMALL & LARGE BOWEL PROCEDURES W CC," 57,071 "," 4,913 "," 15,980 ",,,,
,331 - MAJOR SMALL & LARGE BOWEL PROCEDURES W/O CC/MCC," 36,869 "," 3,377 "," 10,323 ",,,,
,334 - RECTAL RESECTION W/O CC/MCC," 24,494 "," 3,170 "," 6,858 ",,,,
,335 - PERITONEAL ADHESIOLYSIS W MCC," 109,628 "," 10,008 "," 30,696 ",,,,
,336 - PERITONEAL ADHESIOLYSIS W CC," 55,198 "," 5,245 "," 15,455 ",,,,
,337 - PERITONEAL ADHESIOLYSIS W/O CC/MCC," 47,849 "," 3,495 "," 13,398 ",,,,
,338 - APPENDECTOMY W COMPLICATED PRINCIPAL DIAG W MCC," 56,226 ", -   ," 15,743 ",,,,
,339 - APPENDECTOMY W COMPLICATED PRINCIPAL DIAG W CC," 49,001 "," 3,239 "," 13,720 ",,,,
,340 - APPENDECTOMY W COMPLICATED PRINCIPAL DIAG W/O CC/MCC," 32,071 "," 2,118 "," 8,980 ",,,,
,341 - APPENDECTOMY W/O COMPLICATED PRINCIPAL DIAG W MCC," 47,294 "," 1,277 "," 13,242 ",,,,
,342 - APPENDECTOMY W/O COMPLICATED PRINCIPAL DIAG W CC," 40,238 "," 3,266 "," 11,267 ",,,,
,343 - APPENDECTOMY W/O COMPLICATED PRINCIPAL DIAG W/O CC/MCC," 27,825 "," 2,167 "," 7,791 ",,,,
,344 - MINOR SMALL & LARGE BOWEL PROCEDURES W MCC," 112,089 "," 14,414 "," 31,385 ",,,,
,345 - MINOR SMALL & LARGE BOWEL PROCEDURES W CC," 33,445 "," 2,443 "," 9,365 ",,,,
,346 - MINOR SMALL & LARGE BOWEL PROCEDURES W/O CC/MCC," 30,132 "," 2,126 "," 8,437 ",,,,
,347 - ANAL & STOMAL PROCEDURES W MCC," 49,742 "," 4,606 "," 13,928 ",,,,
,348 - ANAL & STOMAL PROCEDURES W CC," 46,717 "," 1,476 "," 13,081 ",,,,
,349 - ANAL & STOMAL PROCEDURES W/O CC/MCC," 23,065 "," 2,358 "," 6,458 ",,,,
,350 - INGUINAL & FEMORAL HERNIA PROCEDURES W MCC," 111,379 "," 5,640 "," 31,186 ",,,,
,351 - INGUINAL & FEMORAL HERNIA PROCEDURES W CC," 45,895 "," 3,641 "," 12,851 ",,,,
,352 - INGUINAL & FEMORAL HERNIA PROCEDURES W/O CC/MCC," 30,286 ", -   ," 8,480 ",,,,
,353 - HERNIA PROCEDURES EXCEPT INGUINAL & FEMORAL W MCC," 55,903 "," 4,954 "," 15,653 ",,,,
,354 - HERNIA PROCEDURES EXCEPT INGUINAL & FEMORAL W CC," 40,926 "," 2,312 "," 11,459 ",,,,
,355 - HERNIA PROCEDURES EXCEPT INGUINAL & FEMORAL W/O CC/MCC," 37,308 "," 2,855 "," 10,446 ",,,,
,356 - OTHER DIGESTIVE SYSTEM O.R. PROCEDURES W MCC," 121,383 "," 8,938 "," 33,987 ",,,,
,357 - OTHER DIGESTIVE SYSTEM O.R. PROCEDURES W CC," 67,346 "," 4,179 "," 18,857 ",,,,
,358 - OTHER DIGESTIVE SYSTEM O.R. PROCEDURES W/O CC/MCC," 43,518 "," 2,928 "," 12,185 ",,,,
,368 - MAJOR ESOPHAGEAL DISORDERS W MCC," 293,758 "," 4,492 "," 82,252 ",,,,
,369 - MAJOR ESOPHAGEAL DISORDERS W CC," 23,201 "," 1,826 "," 6,496 ",,,,
,370 - MAJOR ESOPHAGEAL DISORDERS W/O CC/MCC," 12,419 ", 663 ," 3,477 ",,,,
,371 - MAJOR GASTROINTESTINAL DISORDERS & PERITONEAL INFECTIONS W MCC," 44,648 "," 4,834 "," 12,501 ",,,,
,372 - MAJOR GASTROINTESTINAL DISORDERS & PERITONEAL INFECTIONS W CC," 26,401 "," 2,157 "," 7,392 ",,,,
,373 - MAJOR GASTROINTESTINAL DISORDERS & PERITONEAL INFECTIONS W/O CC/MCC," 19,921 "," 1,474 "," 5,578 ",,,,
,374 - DIGESTIVE MALIGNANCY W MCC," 48,750 "," 4,393 "," 13,650 ",,,,
,375 - DIGESTIVE MALIGNANCY W CC," 32,612 "," 2,503 "," 9,131 ",,,,
,376 - DIGESTIVE MALIGNANCY W/O CC/MCC," 36,028 "," 1,173 "," 10,088 ",,,,
,377 - G.I. HEMORRHAGE W MCC," 63,505 "," 4,377 "," 17,782 ",,,,
,378 - G.I. HEMORRHAGE W CC," 31,680 "," 2,299 "," 8,870 ",,,,
,379 - G.I. HEMORRHAGE W/O CC/MCC," 17,257 "," 1,280 "," 4,832 ",,,,
,380 - COMPLICATED PEPTIC ULCER W MCC," 43,603 "," 4,219 "," 12,209 ",,,,
,381 - COMPLICATED PEPTIC ULCER W CC," 28,406 "," 3,136 "," 7,954 ",,,,
,382 - COMPLICATED PEPTIC ULCER W/O CC/MCC," 32,911 "," 1,936 "," 9,215 ",,,,
,383 - UNCOMPLICATED PEPTIC ULCER W MCC," 37,469 ", -   ," 10,491 ",,,,
,384 - UNCOMPLICATED PEPTIC ULCER W/O MCC," 22,645 "," 1,562 "," 6,341 ",,,,
,385 - INFLAMMATORY BOWEL DISEASE W MCC," 41,605 "," 3,702 "," 11,649 ",,,,
,386 - INFLAMMATORY BOWEL DISEASE W CC," 29,917 "," 1,606 "," 8,377 ",,,,
,387 - INFLAMMATORY BOWEL DISEASE W/O CC/MCC," 23,790 "," 1,607 "," 6,661 ",,,,
,388 - G.I. OBSTRUCTION W MCC," 40,072 "," 2,979 "," 11,220 ",,,,
,389 - G.I. OBSTRUCTION W CC," 22,028 "," 2,306 "," 6,168 ",,,,
,390 - G.I. OBSTRUCTION W/O CC/MCC," 16,359 "," 1,336 "," 4,581 ",,,,
,"391 - ESOPHAGITIS, GASTROENT & MISC DIGEST DISORDERS W MCC"," 41,956 "," 2,958 "," 11,748 ",,,,
,"392 - ESOPHAGITIS, GASTROENT & MISC DIGEST DISORDERS W/O MCC"," 21,885 "," 1,650 "," 6,128 ",,,,
,393 - OTHER DIGESTIVE SYSTEM DIAGNOSES W MCC," 49,741 "," 5,579 "," 13,927 ",,,,
,394 - OTHER DIGESTIVE SYSTEM DIAGNOSES W CC," 28,828 "," 2,198 "," 8,072 ",,,,
,395 - OTHER DIGESTIVE SYSTEM DIAGNOSES W/O CC/MCC," 22,124 "," 1,524 "," 6,195 ",,,,
,"405 - PANCREAS, LIVER & SHUNT PROCEDURES W MCC"," 183,117 "," 18,873 "," 51,273 ",,,,
,"406 - PANCREAS, LIVER & SHUNT PROCEDURES W CC"," 77,282 "," 7,111 "," 21,639 ",,,,
,"407 - PANCREAS, LIVER & SHUNT PROCEDURES W/O CC/MCC"," 52,725 "," 3,995 "," 14,763 ",,,,
,408 - BILIARY TRACT PROC EXCEPT ONLY CHOLECYST W OR W/O C.D.E. W MCC," 82,586 "," 19,166 "," 23,124 ",,,,
,409 - BILIARY TRACT PROC EXCEPT ONLY CHOLECYST W OR W/O C.D.E. W CC," 62,771 "," 3,024 "," 17,576 ",,,,
,410 - BILIARY TRACT PROC EXCEPT ONLY CHOLECYST W OR W/O C.D.E. W/O CC/MCC," 56,241 ", -   ," 15,748 ",,,,
,414 - CHOLECYSTECTOMY EXCEPT BY LAPAROSCOPE W/O C.D.E. W MCC," 102,940 "," 5,051 "," 28,823 ",,,,
,415 - CHOLECYSTECTOMY EXCEPT BY LAPAROSCOPE W/O C.D.E. W CC," 53,506 "," 1,012 "," 14,982 ",,,,
,416 - CHOLECYSTECTOMY EXCEPT BY LAPAROSCOPE W/O C.D.E. W/O CC/MCC," 47,891 ", 957 ," 13,409 ",,,,
,417 - LAPAROSCOPIC CHOLECYSTECTOMY W/O C.D.E. W MCC," 59,161 "," 8,939 "," 16,565 ",,,,
,418 - LAPAROSCOPIC CHOLECYSTECTOMY W/O C.D.E. W CC," 47,706 "," 3,830 "," 13,358 ",,,,
,419 - LAPAROSCOPIC CHOLECYSTECTOMY W/O C.D.E. W/O CC/MCC," 39,422 "," 1,874 "," 11,038 ",,,,
,420 - HEPATOBILIARY DIAGNOSTIC PROCEDURES W MCC," 55,776 "," 1,775 "," 15,617 ",,,,
,421 - HEPATOBILIARY DIAGNOSTIC PROCEDURES W CC," 39,471 "," 2,466 "," 11,052 ",,,,
,422 - HEPATOBILIARY DIAGNOSTIC PROCEDURES W/O CC/MCC," 34,386 "," 3,449 "," 9,628 ",,,,
,423 - OTHER HEPATOBILIARY OR PANCREAS O.R. PROCEDURES W MCC," 158,274 "," 9,369 "," 44,317 ",,,,
,424 - OTHER HEPATOBILIARY OR PANCREAS O.R. PROCEDURES W CC," 81,851 "," 3,083 "," 22,918 ",,,,
,432 - CIRRHOSIS & ALCOHOLIC HEPATITIS W MCC," 58,895 "," 4,051 "," 16,491 ",,,,
,433 - CIRRHOSIS & ALCOHOLIC HEPATITIS W CC," 33,179 "," 2,903 "," 9,290 ",,,,
,434 - CIRRHOSIS & ALCOHOLIC HEPATITIS W/O CC/MCC," 14,394 ", -   ," 4,030 ",,,,
,435 - MALIGNANCY OF HEPATOBILIARY SYSTEM OR PANCREAS W MCC," 42,812 "," 3,512 "," 11,987 ",,,,
,436 - MALIGNANCY OF HEPATOBILIARY SYSTEM OR PANCREAS W CC," 31,965 "," 1,953 "," 8,950 ",,,,
,437 - MALIGNANCY OF HEPATOBILIARY SYSTEM OR PANCREAS W/O CC/MCC," 32,682 "," 1,274 "," 9,151 ",,,,
,438 - DISORDERS OF PANCREAS EXCEPT MALIGNANCY W MCC," 44,863 "," 3,262 "," 12,562 ",,,,
,439 - DISORDERS OF PANCREAS EXCEPT MALIGNANCY W CC," 25,870 "," 2,340 "," 7,244 ",,,,
,440 - DISORDERS OF PANCREAS EXCEPT MALIGNANCY W/O CC/MCC," 18,272 "," 1,159 "," 5,116 ",,,,
,"441 - DISORDERS OF LIVER EXCEPT MALIG,CIRR,ALC HEPA W MCC"," 69,007 "," 4,497 "," 19,322 ",,,,
,"442 - DISORDERS OF LIVER EXCEPT MALIG,CIRR,ALC HEPA W CC"," 33,975 "," 2,380 "," 9,513 ",,,,
,"443 - DISORDERS OF LIVER EXCEPT MALIG,CIRR,ALC HEPA W/O CC/MCC"," 24,649 "," 1,512 "," 6,902 ",,,,
,444 - DISORDERS OF THE BILIARY TRACT W MCC," 44,811 "," 3,449 "," 12,547 ",,,,
,445 - DISORDERS OF THE BILIARY TRACT W CC," 35,179 "," 2,528 "," 9,850 ",,,,
,446 - DISORDERS OF THE BILIARY TRACT W/O CC/MCC," 22,217 "," 1,494 "," 6,221 ",,,,
,453 - COMBINED ANTERIOR/POSTERIOR SPINAL FUSION W MCC," 300,209 "," 44,269 "," 84,058 ",,,,
,454 - COMBINED ANTERIOR/POSTERIOR SPINAL FUSION W CC," 243,360 "," 24,650 "," 68,141 ",,,,
,455 - COMBINED ANTERIOR/POSTERIOR SPINAL FUSION W/O CC/MCC," 185,991 "," 18,704 "," 52,077 ",,,,
,456 - SPINAL FUS EXC CERV W SPINAL CURV/MALIG/INFEC OR EXT FUS W MCC," 279,258 "," 33,626 "," 78,192 ",,,,
,457 - SPINAL FUS EXC CERV W SPINAL CURV/MALIG/INFEC OR EXT FUS W CC," 207,157 "," 19,611 "," 58,004 ",,,,
,458 - SPINAL FUS EXC CERV W SPINAL CURV/MALIG/INFEC OR EXT FUS W/O CC/MCC," 160,366 "," 15,711 "," 44,902 ",,,,
,459 - SPINAL FUSION EXCEPT CERVICAL W MCC," 283,864 "," 27,089 "," 79,482 ",,,,
,460 - SPINAL FUSION EXCEPT CERVICAL W/O MCC," 133,457 "," 10,660 "," 37,368 ",,,,
,462 - BILATERAL OR MULTIPLE MAJOR JOINT PROCS OF LOWER EXTREMITY W/O MCC," 111,992 "," 8,959 "," 31,358 ",,,,
,"463 - WND DEBRID & SKN GRFT EXC HAND, FOR MUSCULO-CONN TISS DIS W MCC"," 185,348 "," 18,575 "," 51,897 ",,,,
,"464 - WND DEBRID & SKN GRFT EXC HAND, FOR MUSCULO-CONN TISS DIS W CC"," 86,687 "," 8,227 "," 24,272 ",,,,
,"465 - WND DEBRID & SKN GRFT EXC HAND, FOR MUSCULO-CONN TISS DIS W/O CC/MCC"," 53,787 "," 4,204 "," 15,060 ",,,,
,466 - REVISION OF HIP OR KNEE REPLACEMENT W MCC," 104,252 "," 11,032 "," 29,191 ",,,,
,467 - REVISION OF HIP OR KNEE REPLACEMENT W CC," 90,358 "," 7,686 "," 25,300 ",,,,
,468 - REVISION OF HIP OR KNEE REPLACEMENT W/O CC/MCC," 77,212 "," 6,058 "," 21,619 ",,,,
,469 - MAJOR HIP AND KNEE JOINT REPLACEMENT OR REATTACHMENT OF LOWER EXTREMITY W MCC OR TOTAL ANKLE REPLACEMENT," 96,730 "," 8,512 "," 27,085 ",,,,
,470 - MAJOR HIP AND KNEE JOINT REPLACEMENT OR REATTACHMENT OF LOWER EXTREMITY W/O MCC," 47,709 "," 4,765 "," 13,358 ",,,,
,471 - CERVICAL SPINAL FUSION W MCC," 153,910 "," 12,946 "," 43,095 ",,,,
,472 - CERVICAL SPINAL FUSION W CC," 93,062 "," 8,329 "," 26,057 ",,,,
,473 - CERVICAL SPINAL FUSION W/O CC/MCC," 74,849 "," 6,549 "," 20,958 ",,,,
,474 - AMPUTATION FOR MUSCULOSKELETAL SYS & CONN TISSUE DIS W MCC," 100,008 "," 9,408 "," 28,002 ",,,,
,475 - AMPUTATION FOR MUSCULOSKELETAL SYS & CONN TISSUE DIS W CC," 68,481 "," 1,515 "," 19,175 ",,,,
,476 - AMPUTATION FOR MUSCULOSKELETAL SYS & CONN TISSUE DIS W/O CC/MCC," 28,172 "," 3,011 "," 7,888 ",,,,
,477 - BIOPSIES OF MUSCULOSKELETAL SYSTEM & CONNECTIVE TISSUE W MCC," 104,303 "," 6,304 "," 29,205 ",,,,
,478 - BIOPSIES OF MUSCULOSKELETAL SYSTEM & CONNECTIVE TISSUE W CC," 72,463 "," 7,816 "," 20,290 ",,,,
,479 - BIOPSIES OF MUSCULOSKELETAL SYSTEM & CONNECTIVE TISSUE W/O CC/MCC," 45,248 "," 3,655 "," 12,669 ",,,,
,480 - HIP & FEMUR PROCEDURES EXCEPT MAJOR JOINT W MCC," 69,895 "," 6,246 "," 19,571 ",,,,
,481 - HIP & FEMUR PROCEDURES EXCEPT MAJOR JOINT W CC," 59,959 "," 4,749 "," 16,789 ",,,,
,482 - HIP & FEMUR PROCEDURES EXCEPT MAJOR JOINT W/O CC/MCC," 45,637 "," 3,532 "," 12,778 ",,,,
,483 - MAJOR JOINT/LIMB REATTACHMENT PROCEDURE OF UPPER EXTREMITIES," 65,497 "," 6,020 "," 18,339 ",,,,
,485 - KNEE PROCEDURES W PDX OF INFECTION W MCC," 57,705 "," 7,095 "," 16,157 ",,,,
,486 - KNEE PROCEDURES W PDX OF INFECTION W CC," 59,353 "," 3,776 "," 16,619 ",,,,
,487 - KNEE PROCEDURES W PDX OF INFECTION W/O CC/MCC," 79,118 ", -   ," 22,153 ",,,,
,488 - KNEE PROCEDURES W/O PDX OF INFECTION W CC/MCC," 77,943 "," 3,105 "," 21,824 ",,,,
,489 - KNEE PROCEDURES W/O PDX OF INFECTION W/O CC/MCC," 45,823 "," 2,325 "," 12,830 ",,,,
,"492 - LOWER EXTREM & HUMER PROC EXCEPT HIP,FOOT,FEMUR W MCC"," 161,608 "," 16,794 "," 45,250 ",,,,
,"493 - LOWER EXTREM & HUMER PROC EXCEPT HIP,FOOT,FEMUR W CC"," 76,742 "," 6,179 "," 21,488 ",,,,
,"494 - LOWER EXTREM & HUMER PROC EXCEPT HIP,FOOT,FEMUR W/O CC/MCC"," 54,551 "," 3,197 "," 15,274 ",,,,
,495 - LOCAL EXCISION & REMOVAL INT FIX DEVICES EXC HIP & FEMUR W MCC," 70,356 "," 7,215 "," 19,700 ",,,,
,496 - LOCAL EXCISION & REMOVAL INT FIX DEVICES EXC HIP & FEMUR W CC," 73,864 "," 11,712 "," 20,682 ",,,,
,497 - LOCAL EXCISION & REMOVAL INT FIX DEVICES EXC HIP & FEMUR W/O CC/MCC," 45,752 "," 4,766 "," 12,811 ",,,,
,498 - LOCAL EXCISION & REMOVAL INT FIX DEVICES OF HIP & FEMUR W CC/MCC," 77,881 "," 3,893 "," 21,807 ",,,,
,499 - LOCAL EXCISION & REMOVAL INT FIX DEVICES OF HIP & FEMUR W/O CC/MCC," 16,572 "," 2,992 "," 4,640 ",,,,
,500 - SOFT TISSUE PROCEDURES W MCC," 79,987 "," 6,323 "," 22,396 ",,,,
,501 - SOFT TISSUE PROCEDURES W CC," 51,084 "," 3,717 "," 14,304 ",,,,
,502 - SOFT TISSUE PROCEDURES W/O CC/MCC," 43,297 "," 2,793 "," 12,123 ",,,,
,503 - FOOT PROCEDURES W MCC," 55,578 "," 2,140 "," 15,562 ",,,,
,504 - FOOT PROCEDURES W CC," 62,052 "," 4,616 "," 17,375 ",,,,
,505 - FOOT PROCEDURES W/O CC/MCC," 45,243 "," 2,753 "," 12,668 ",,,,
,506 - MAJOR THUMB OR JOINT PROCEDURES," 31,941 "," 3,592 "," 8,944 ",,,,
,507 - MAJOR SHOULDER OR ELBOW JOINT PROCEDURES W CC/MCC," 669,933 ", -   ," 187,581 ",,,,
,"510 - SHOULDER,ELBOW OR FOREARM PROC,EXC MAJOR JOINT PROC W MCC"," 95,760 ", -   ," 26,813 ",,,,
,"511 - SHOULDER,ELBOW OR FOREARM PROC,EXC MAJOR JOINT PROC W CC"," 99,638 "," 3,449 "," 27,899 ",,,,
,"512 - SHOULDER,ELBOW OR FOREARM PROC,EXC MAJOR JOINT PROC W/O CC/MCC"," 46,028 "," 2,710 "," 12,888 ",,,,
,"513 - HAND OR WRIST PROC, EXCEPT MAJOR THUMB OR JOINT PROC W CC/MCC"," 41,752 ", -   ," 11,691 ",,,,
,"514 - HAND OR WRIST PROC, EXCEPT MAJOR THUMB OR JOINT PROC W/O CC/MCC"," 23,710 "," 2,635 "," 6,639 ",,,,
,515 - OTHER MUSCULOSKELET SYS & CONN TISS O.R. PROC W MCC," 101,959 "," 11,202 "," 28,548 ",,,,
,516 - OTHER MUSCULOSKELET SYS & CONN TISS O.R. PROC W CC," 64,640 "," 3,698 "," 18,099 ",,,,
,517 - OTHER MUSCULOSKELET SYS & CONN TISS O.R. PROC W/O CC/MCC," 52,687 "," 3,959 "," 14,752 ",,,,
,518 - BACK & NECK PROC EXC SPINAL FUSION W MCC OR DISC DEVICE/NEUROSTIM," 166,662 "," 7,111 "," 46,665 ",,,,
,519 - BACK & NECK PROC EXC SPINAL FUSION W CC," 46,435 "," 3,626 "," 13,002 ",,,,
,520 - BACK & NECK PROC EXC SPINAL FUSION W/O CC/MCC," 35,572 "," 2,837 "," 9,960 ",,,,
,533 - FRACTURES OF FEMUR W MCC," 44,668 ", -   ," 12,507 ",,,,
,534 - FRACTURES OF FEMUR W/O MCC," 20,685 "," 1,674 "," 5,792 ",,,,
,535 - FRACTURES OF HIP & PELVIS W MCC," 31,425 "," 1,359 "," 8,799 ",,,,
,536 - FRACTURES OF HIP & PELVIS W/O MCC," 20,473 "," 1,451 "," 5,732 ",,,,
,"537 - SPRAINS, STRAINS, & DISLOCATIONS OF HIP, PELVIS & THIGH W CC/MCC"," 20,961 ", -   ," 5,869 ",,,,
,"538 - SPRAINS, STRAINS, & DISLOCATIONS OF HIP, PELVIS & THIGH W/O CC/MCC"," 6,590 "," 1,314 "," 1,845 ",,,,
,539 - OSTEOMYELITIS W MCC," 22,812 "," 1,971 "," 6,387 ",,,,
,540 - OSTEOMYELITIS W CC," 55,611 "," 2,573 "," 15,571 ",,,,
,541 - OSTEOMYELITIS W/O CC/MCC," 26,100 ", -   ," 7,308 ",,,,
,542 - PATHOLOGICAL FRACTURES & MUSCULOSKELET & CONN TISS MALIG W MCC," 56,003 "," 5,239 "," 15,681 ",,,,
,543 - PATHOLOGICAL FRACTURES & MUSCULOSKELET & CONN TISS MALIG W CC," 42,203 "," 3,225 "," 11,817 ",,,,
,544 - PATHOLOGICAL FRACTURES & MUSCULOSKELET & CONN TISS MALIG W/O CC/MCC," 55,549 "," 5,078 "," 15,554 ",,,,
,545 - CONNECTIVE TISSUE DISORDERS W MCC," 81,147 "," 4,207 "," 22,721 ",,,,
,546 - CONNECTIVE TISSUE DISORDERS W CC," 43,270 "," 2,840 "," 12,116 ",,,,
,547 - CONNECTIVE TISSUE DISORDERS W/O CC/MCC," 22,573 "," 1,467 "," 6,321 ",,,,
,548 - SEPTIC ARTHRITIS W MCC," 71,156 ", -   ," 19,924 ",,,,
,549 - SEPTIC ARTHRITIS W CC," 41,606 "," 1,535 "," 11,650 ",,,,
,551 - MEDICAL BACK PROBLEMS W MCC," 64,098 "," 7,191 "," 17,947 ",,,,
,552 - MEDICAL BACK PROBLEMS W/O MCC," 28,564 "," 2,078 "," 7,998 ",,,,
,553 - BONE DISEASES & ARTHROPATHIES W MCC," 57,870 ", -   ," 16,204 ",,,,
,554 - BONE DISEASES & ARTHROPATHIES W/O MCC," 27,683 "," 1,341 "," 7,751 ",,,,
,555 - SIGNS & SYMPTOMS OF MUSCULOSKELETAL SYSTEM & CONN TISSUE W MCC," 24,306 ", -   ," 6,806 ",,,,
,556 - SIGNS & SYMPTOMS OF MUSCULOSKELETAL SYSTEM & CONN TISSUE W/O MCC," 23,472 "," 1,212 "," 6,572 ",,,,
,"557 - TENDONITIS, MYOSITIS & BURSITIS W MCC"," 30,279 "," 3,158 "," 8,478 ",,,,
,"558 - TENDONITIS, MYOSITIS & BURSITIS W/O MCC"," 22,358 "," 1,898 "," 6,260 ",,,,
,"559 - AFTERCARE, MUSCULOSKELETAL SYSTEM & CONNECTIVE TISSUE W MCC"," 49,614 "," 2,888 "," 13,892 ",,,,
,"560 - AFTERCARE, MUSCULOSKELETAL SYSTEM & CONNECTIVE TISSUE W CC"," 33,288 "," 2,563 "," 9,321 ",,,,
,"561 - AFTERCARE, MUSCULOSKELETAL SYSTEM & CONNECTIVE TISSUE W/O CC/MCC"," 15,650 "," 1,781 "," 4,382 ",,,,
,"562 - FX, SPRN, STRN & DISL EXCEPT FEMUR, HIP, PELVIS & THIGH W MCC"," 38,444 "," 3,078 "," 10,764 ",,,,
,"563 - FX, SPRN, STRN & DISL EXCEPT FEMUR, HIP, PELVIS & THIGH W/O MCC"," 28,134 "," 1,426 "," 7,877 ",,,,
,564 - OTHER MUSCULOSKELETAL SYS & CONNECTIVE TISSUE DIAGNOSES W MCC," 27,256 "," 1,877 "," 7,632 ",,,,
,565 - OTHER MUSCULOSKELETAL SYS & CONNECTIVE TISSUE DIAGNOSES W CC," 53,302 "," 2,329 "," 14,924 ",,,,
,566 - OTHER MUSCULOSKELETAL SYS & CONNECTIVE TISSUE DIAGNOSES W/O CC/MCC," 45,280 "," 1,196 "," 12,679 ",,,,
,570 - SKIN DEBRIDEMENT W MCC," 56,232 "," 3,353 "," 15,745 ",,,,
,571 - SKIN DEBRIDEMENT W CC," 53,529 "," 6,806 "," 14,988 ",,,,
,572 - SKIN DEBRIDEMENT W/O CC/MCC," 37,144 "," 2,333 "," 10,400 ",,,,
,573 - SKIN GRAFT FOR SKIN ULCER OR CELLULITIS W MCC," 345,350 "," 5,967 "," 96,698 ",,,,
,575 - SKIN GRAFT FOR SKIN ULCER OR CELLULITIS W/O CC/MCC," 37,233 ", -   ," 10,425 ",,,,
,576 - SKIN GRAFT EXC FOR SKIN ULCER OR CELLULITIS W MCC," 63,846 "," 10,047 "," 17,877 ",,,,
,577 - SKIN GRAFT EXC FOR SKIN ULCER OR CELLULITIS W CC," 77,447 "," 8,096 "," 21,685 ",,,,
,578 - SKIN GRAFT EXC FOR SKIN ULCER OR CELLULITIS W/O CC/MCC," 27,009 "," 3,640 "," 7,563 ",,,,
,"579 - OTHER SKIN, SUBCUT TISS & BREAST PROC W MCC"," 63,509 ", -   ," 17,783 ",,,,
,"580 - OTHER SKIN, SUBCUT TISS & BREAST PROC W CC"," 42,571 "," 3,210 "," 11,920 ",,,,
,"581 - OTHER SKIN, SUBCUT TISS & BREAST PROC W/O CC/MCC"," 33,408 "," 2,398 "," 9,354 ",,,,
,582 - MASTECTOMY FOR MALIGNANCY W CC/MCC," 53,958 "," 3,623 "," 15,108 ",,,,
,583 - MASTECTOMY FOR MALIGNANCY W/O CC/MCC," 57,459 "," 3,619 "," 16,088 ",,,,
,"584 - BREAST BIOPSY, LOCAL EXCISION & OTHER BREAST PROCEDURES W CC/MCC"," 88,170 "," 5,870 "," 24,688 ",,,,
,"585 - BREAST BIOPSY, LOCAL EXCISION & OTHER BREAST PROCEDURES W/O CC/MCC"," 56,506 "," 3,863 "," 15,822 ",,,,
,592 - SKIN ULCERS W MCC," 25,554 "," 2,862 "," 7,155 ",,,,
,593 - SKIN ULCERS W CC," 16,132 "," 3,079 "," 4,517 ",,,,
,595 - MAJOR SKIN DISORDERS W MCC," 19,777 ", -   ," 5,537 ",,,,
,596 - MAJOR SKIN DISORDERS W/O MCC," 26,620 "," 3,312 "," 7,454 ",,,,
,597 - MALIGNANT BREAST DISORDERS W MCC," 100,079 ", -   ," 28,022 ",,,,
,598 - MALIGNANT BREAST DISORDERS W CC," 24,954 ", -   ," 6,987 ",,,,
,600 - NON-MALIGNANT BREAST DISORDERS W CC/MCC," 30,158 "," 1,817 "," 8,444 ",,,,
,601 - NON-MALIGNANT BREAST DISORDERS W/O CC/MCC," 11,248 "," 1,020 "," 3,149 ",,,,
,602 - CELLULITIS W MCC," 40,552 "," 2,580 "," 11,355 ",,,,
,603 - CELLULITIS W/O MCC," 19,464 "," 1,520 "," 5,450 ",,,,
,"604 - TRAUMA TO THE SKIN, SUBCUT TISS & BREAST W MCC"," 53,752 ", -   ," 15,050 ",,,,
,"605 - TRAUMA TO THE SKIN, SUBCUT TISS & BREAST W/O MCC"," 29,796 "," 1,720 "," 8,343 ",,,,
,606 - MINOR SKIN DISORDERS W MCC," 40,728 ", -   ," 11,404 ",,,,
,607 - MINOR SKIN DISORDERS W/O MCC," 20,996 "," 1,256 "," 5,879 ",,,,
,614 - ADRENAL & PITUITARY PROCEDURES W CC/MCC," 72,248 "," 5,588 "," 20,229 ",,,,
,615 - ADRENAL & PITUITARY PROCEDURES W/O CC/MCC," 43,003 "," 3,042 "," 12,041 ",,,,
,"616 - AMPUTAT OF LOWER LIMB FOR ENDOCRINE,NUTRIT,& METABOL DIS W MCC"," 78,184 "," 1,635 "," 21,892 ",,,,
,"617 - AMPUTAT OF LOWER LIMB FOR ENDOCRINE,NUTRIT,& METABOL DIS W CC"," 52,829 "," 3,196 "," 14,792 ",,,,
,619 - O.R. PROCEDURES FOR OBESITY W MCC," 56,113 ", -   ," 15,712 ",,,,
,620 - O.R. PROCEDURES FOR OBESITY W CC," 74,515 ", -   ," 20,864 ",,,,
,"623 - SKIN GRAFTS & WOUND DEBRID FOR ENDOC, NUTRIT & METAB DIS W CC"," 122,253 "," 84,414 "," 34,231 ",,,,
,"625 - THYROID, PARATHYROID & THYROGLOSSAL PROCEDURES W MCC"," 48,153 "," 5,192 "," 13,483 ",,,,
,"626 - THYROID, PARATHYROID & THYROGLOSSAL PROCEDURES W CC"," 47,805 "," 3,570 "," 13,386 ",,,,
,"627 - THYROID, PARATHYROID & THYROGLOSSAL PROCEDURES W/O CC/MCC"," 39,008 "," 2,092 "," 10,922 ",,,,
,"628 - OTHER ENDOCRINE, NUTRIT & METAB O.R. PROC W MCC"," 69,491 ", -   ," 19,457 ",,,,
,"629 - OTHER ENDOCRINE, NUTRIT & METAB O.R. PROC W CC"," 83,472 "," 4,132 "," 23,372 ",,,,
,"630 - OTHER ENDOCRINE, NUTRIT & METAB O.R. PROC W/O CC/MCC"," 38,022 "," 2,935 "," 10,646 ",,,,
,634 - MULTIPLE OTHER AND UNSPECIFIED CONGENITAL ANOMALIES W/O CC," 453,663 ", -   ," 127,026 ",,,,
,637 - DIABETES W MCC," 49,972 "," 2,784 "," 13,992 ",,,,
,638 - DIABETES W CC," 21,573 "," 1,733 "," 6,041 ",,,,
,639 - DIABETES W/O CC/MCC," 13,159 "," 1,079 "," 3,684 ",,,,
,"640 - MISC DISORDERS OF NUTRITION,METABOLISM,FLUIDS/ELECTROLYTES W MCC"," 37,085 "," 3,421 "," 10,384 ",,,,
,"641 - MISC DISORDERS OF NUTRITION,METABOLISM,FLUIDS/ELECTROLYTES W/O MCC"," 24,377 "," 1,787 "," 6,825 ",,,,
,642 - INBORN AND OTHER DISORDERS OF METABOLISM," 119,512 "," 6,048 "," 33,463 ",,,,
,643 - ENDOCRINE DISORDERS W MCC," 50,261 "," 3,488 "," 14,073 ",,,,
,644 - ENDOCRINE DISORDERS W CC," 42,460 "," 2,061 "," 11,889 ",,,,
,645 - ENDOCRINE DISORDERS W/O CC/MCC," 23,442 "," 2,019 "," 6,564 ",,,,
,652 - KIDNEY TRANSPLANT," 219,189 "," 26,589 "," 61,373 ",,,,
,653 - MAJOR BLADDER PROCEDURES W MCC," 139,775 "," 9,787 "," 39,137 ",,,,
,654 - MAJOR BLADDER PROCEDURES W CC," 66,507 "," 5,459 "," 18,622 ",,,,
,655 - MAJOR BLADDER PROCEDURES W/O CC/MCC," 54,024 "," 4,088 "," 15,127 ",,,,
,656 - KIDNEY & URETER PROCEDURES FOR NEOPLASM W MCC," 81,717 "," 8,886 "," 22,881 ",,,,
,657 - KIDNEY & URETER PROCEDURES FOR NEOPLASM W CC," 50,059 "," 4,869 "," 14,016 ",,,,
,658 - KIDNEY & URETER PROCEDURES FOR NEOPLASM W/O CC/MCC," 34,928 "," 3,405 "," 9,780 ",,,,
,659 - KIDNEY & URETER PROCEDURES FOR NON-NEOPLASM W MCC," 94,448 "," 17,023 "," 26,446 ",,,,
,660 - KIDNEY & URETER PROCEDURES FOR NON-NEOPLASM W CC," 42,313 "," 3,936 "," 11,848 ",,,,
,661 - KIDNEY & URETER PROCEDURES FOR NON-NEOPLASM W/O CC/MCC," 29,657 "," 3,013 "," 8,304 ",,,,
,662 - MINOR BLADDER PROCEDURES W MCC," 279,486 ", -   ," 78,256 ",,,,
,663 - MINOR BLADDER PROCEDURES W CC," 42,265 "," 2,460 "," 11,834 ",,,,
,664 - MINOR BLADDER PROCEDURES W/O CC/MCC," 32,192 "," 2,798 "," 9,014 ",,,,
,666 - PROSTATECTOMY W CC," 43,640 "," 1,502 "," 12,219 ",,,,
,668 - TRANSURETHRAL PROCEDURES W MCC," 76,224 "," 5,184 "," 21,343 ",,,,
,669 - TRANSURETHRAL PROCEDURES W CC," 46,111 "," 2,229 "," 12,911 ",,,,
,670 - TRANSURETHRAL PROCEDURES W/O CC/MCC," 31,166 ", 952 ," 8,726 ",,,,
,671 - URETHRAL PROCEDURES W CC/MCC," 49,084 "," 2,205 "," 13,744 ",,,,
,672 - URETHRAL PROCEDURES W/O CC/MCC," 25,645 "," 1,539 "," 7,181 ",,,,
,673 - OTHER KIDNEY & URINARY TRACT PROCEDURES W MCC," 74,323 "," 6,535 "," 20,811 ",,,,
,674 - OTHER KIDNEY & URINARY TRACT PROCEDURES W CC," 54,079 "," 5,515 "," 15,142 ",,,,
,675 - OTHER KIDNEY & URINARY TRACT PROCEDURES W/O CC/MCC," 66,806 ", -   ," 18,706 ",,,,
,"681 - NEONATE, BIRTHWT >2499G, WITH SIGNIF O.R. PROC, WITH MULT MAJOR PROB"," 616,806 ", -   ," 172,706 ",,,,
,682 - RENAL FAILURE W MCC," 45,821 "," 3,832 "," 12,830 ",,,,
,683 - RENAL FAILURE W CC," 26,567 "," 2,137 "," 7,439 ",,,,
,684 - RENAL FAILURE W/O CC/MCC," 17,068 "," 1,142 "," 4,779 ",,,,
,686 - KIDNEY & URINARY TRACT NEOPLASMS W MCC," 48,210 "," 5,027 "," 13,499 ",,,,
,687 - KIDNEY & URINARY TRACT NEOPLASMS W CC," 34,079 "," 5,018 "," 9,542 ",,,,
,689 - KIDNEY & URINARY TRACT INFECTIONS W MCC," 30,982 "," 2,065 "," 8,675 ",,,,
,690 - KIDNEY & URINARY TRACT INFECTIONS W/O MCC," 20,095 "," 1,483 "," 5,627 ",,,,
,693 - URINARY STONES W/O ESW LITHOTRIPSY W MCC," 55,753 "," 3,489 "," 15,611 ",,,,
,694 - URINARY STONES W/O ESW LITHOTRIPSY W/O MCC," 27,420 "," 1,522 "," 7,678 ",,,,
,695 - KIDNEY & URINARY TRACT SIGNS & SYMPTOMS W MCC," 31,101 "," 2,332 "," 8,708 ",,,,
,696 - KIDNEY & URINARY TRACT SIGNS & SYMPTOMS W/O MCC," 19,015 "," 1,621 "," 5,324 ",,,,
,697 - URETHRAL STRICTURE," 30,599 "," 2,450 "," 8,568 ",,,,
,698 - OTHER KIDNEY & URINARY TRACT DIAGNOSES W MCC," 41,550 "," 3,392 "," 11,634 ",,,,
,699 - OTHER KIDNEY & URINARY TRACT DIAGNOSES W CC," 34,545 "," 2,525 "," 9,673 ",,,,
,700 - OTHER KIDNEY & URINARY TRACT DIAGNOSES W/O CC/MCC," 24,131 "," 1,739 "," 6,757 ",,,,
,707 - MAJOR MALE PELVIC PROCEDURES W CC/MCC," 42,134 "," 4,650 "," 11,798 ",,,,
,708 - MAJOR MALE PELVIC PROCEDURES W/O CC/MCC," 31,476 "," 2,703 "," 8,813 ",,,,
,709 - PENIS PROCEDURES W CC/MCC," 41,638 "," 4,271 "," 11,659 ",,,,
,710 - PENIS PROCEDURES W/O CC/MCC," 38,308 "," 3,794 "," 10,726 ",,,,
,711 - TESTES PROCEDURES W CC/MCC," 40,174 "," 3,901 "," 11,249 ",,,,
,713 - TRANSURETHRAL PROSTATECTOMY W CC/MCC," 55,846 ", -   ," 15,637 ",,,,
,714 - TRANSURETHRAL PROSTATECTOMY W/O CC/MCC," 21,264 "," 1,982 "," 5,954 ",,,,
,715 - OTHER MALE REPRODUCTIVE SYSTEM O.R. PROC FOR MALIGNANCY W CC/MCC," 44,862 ", -   ," 12,561 ",,,,
,716 - OTHER MALE REPRODUCTIVE SYSTEM O.R. PROC FOR MALIGNANCY W/O CC/MCC," 20,773 "," 4,339 "," 5,817 ",,,,
,717 - OTHER MALE REPRODUCTIVE SYSTEM O.R. PROC EXC MALIGNANCY W CC/MCC," 37,947 ", -   ," 10,625 ",,,,
,718 - OTHER MALE REPRODUCTIVE SYSTEM O.R. PROC EXC MALIGNANCY W/O CC/MCC," 34,502 ", -   ," 9,660 ",,,,
,"722 - MALIGNANCY, MALE REPRODUCTIVE SYSTEM W MCC"," 69,437 "," 4,246 "," 19,442 ",,,,
,"723 - MALIGNANCY, MALE REPRODUCTIVE SYSTEM W CC"," 18,016 ", -   ," 5,044 ",,,,
,725 - BENIGN PROSTATIC HYPERTROPHY W MCC," 18,918 "," 3,114 "," 5,297 ",,,,
,726 - BENIGN PROSTATIC HYPERTROPHY W/O MCC," 91,097 ", -   ," 25,507 ",,,,
,727 - INFLAMMATION OF THE MALE REPRODUCTIVE SYSTEM W MCC," 21,647 ", -   ," 6,061 ",,,,
,728 - INFLAMMATION OF THE MALE REPRODUCTIVE SYSTEM W/O MCC," 21,698 "," 1,353 "," 6,075 ",,,,
,729 - OTHER MALE REPRODUCTIVE SYSTEM DIAGNOSES W CC/MCC," 11,969 ", -   ," 3,351 ",,,,
,730 - OTHER MALE REPRODUCTIVE SYSTEM DIAGNOSES W/O CC/MCC," 20,085 ", 639 ," 5,624 ",,,,
,"734 - PELVIC EVISCERATION, RAD HYSTERECTOMY & RAD VULVECTOMY W CC/MCC"," 57,745 "," 1,072 "," 16,168 ",,,,
,"735 - PELVIC EVISCERATION, RAD HYSTERECTOMY & RAD VULVECTOMY W/O CC/MCC"," 42,460 ", -   ," 11,889 ",,,,
,736 - UTERINE & ADNEXA PROC FOR OVARIAN OR ADNEXAL MALIGNANCY W MCC," 121,606 "," 11,109 "," 34,050 ",,,,
,737 - UTERINE & ADNEXA PROC FOR OVARIAN OR ADNEXAL MALIGNANCY W CC," 53,513 "," 4,046 "," 14,984 ",,,,
,738 - UTERINE & ADNEXA PROC FOR OVARIAN OR ADNEXAL MALIGNANCY W/O CC/MCC," 36,905 "," 1,072 "," 10,333 ",,,,
,"739 - UTERINE,ADNEXA PROC FOR NON-OVARIAN/ADNEXAL MALIG W MCC"," 69,892 "," 8,744 "," 19,570 ",,,,
,"740 - UTERINE,ADNEXA PROC FOR NON-OVARIAN/ADNEXAL MALIG W CC"," 43,807 "," 2,664 "," 12,266 ",,,,
,"741 - UTERINE,ADNEXA PROC FOR NON-OVARIAN/ADNEXAL MALIG W/O CC/MCC"," 36,764 "," 2,998 "," 10,294 ",,,,
,742 - UTERINE & ADNEXA PROC FOR NON-MALIGNANCY W CC/MCC," 37,831 "," 2,826 "," 10,593 ",,,,
,743 - UTERINE & ADNEXA PROC FOR NON-MALIGNANCY W/O CC/MCC," 27,096 "," 2,445 "," 7,587 ",,,,
,"744 - D&C, CONIZATION, LAPAROSCOPY & TUBAL INTERRUPTION W CC/MCC"," 33,523 "," 2,565 "," 9,387 ",,,,
,"745 - D&C, CONIZATION, LAPAROSCOPY & TUBAL INTERRUPTION W/O CC/MCC"," 29,004 "," 1,152 "," 8,121 ",,,,
,"746 - VAGINA, CERVIX & VULVA PROCEDURES W CC/MCC"," 36,417 "," 1,985 "," 10,197 ",,,,
,"747 - VAGINA, CERVIX & VULVA PROCEDURES W/O CC/MCC"," 24,197 "," 1,736 "," 6,775 ",,,,
,748 - FEMALE REPRODUCTIVE SYSTEM RECONSTRUCTIVE PROCEDURES," 24,518 ", -   ," 6,865 ",,,,
,749 - OTHER FEMALE REPRODUCTIVE SYSTEM O.R. PROCEDURES W CC/MCC," 40,694 "," 5,584 "," 11,394 ",,,,
,750 - OTHER FEMALE REPRODUCTIVE SYSTEM O.R. PROCEDURES W/O CC/MCC," 38,220 ", -   ," 10,701 ",,,,
,"754 - MALIGNANCY, FEMALE REPRODUCTIVE SYSTEM W MCC"," 39,177 "," 1,554 "," 10,969 ",,,,
,"755 - MALIGNANCY, FEMALE REPRODUCTIVE SYSTEM W CC"," 36,689 "," 1,520 "," 10,273 ",,,,
,"756 - MALIGNANCY, FEMALE REPRODUCTIVE SYSTEM W/O CC/MCC"," 43,357 "," 1,553 "," 12,140 ",,,,
,"757 - INFECTIONS, FEMALE REPRODUCTIVE SYSTEM W MCC"," 63,252 "," 2,844 "," 17,711 ",,,,
,"758 - INFECTIONS, FEMALE REPRODUCTIVE SYSTEM W CC"," 17,929 "," 1,431 "," 5,020 ",,,,
,"759 - INFECTIONS, FEMALE REPRODUCTIVE SYSTEM W/O CC/MCC"," 13,037 "," 1,171 "," 3,650 ",,,,
,760 - MENSTRUAL & OTHER FEMALE REPRODUCTIVE SYSTEM DISORDERS W CC/MCC," 26,603 "," 1,198 "," 7,449 ",,,,
,761 - MENSTRUAL & OTHER FEMALE REPRODUCTIVE SYSTEM DISORDERS W/O CC/MCC," 9,698 ", -   ," 2,715 ",,,,
,765 - CESAREAN SECTION W CC/MCC," 27,049 "," 1,723 "," 7,574 ",,,,
,766 - CESAREAN SECTION W/O CC/MCC," 19,105 "," 1,318 "," 5,349 ",,,,
,767 - VAGINAL DELIVERY W STERILIZATION &/OR D&C," 23,281 "," 1,695 "," 6,519 ",,,,
,768 - VAGINAL DELIVERY W O.R. PROC EXCEPT STERIL &/OR D&C," 29,992 "," 1,325 "," 8,398 ",,,,
,769 - POSTPARTUM & POST ABORTION DIAGNOSES W O.R. PROCEDURE," 34,433 "," 4,661 "," 9,641 ",,,,
,"770 - ABORTION W D&C, ASPIRATION CURETTAGE OR HYSTEROTOMY"," 20,753 "," 1,736 "," 5,811 ",,,,
,774 - VAGINAL DELIVERY W COMPLICATING DIAGNOSES," 13,331 "," 1,039 "," 3,733 ",,,,
,775 - VAGINAL DELIVERY W/O COMPLICATING DIAGNOSES," 9,682 ", 795 ," 2,711 ",,,,
,776 - POSTPARTUM & POST ABORTION DIAGNOSES W/O O.R. PROCEDURE," 12,345 "," 1,091 "," 3,457 ",,,,
,777 - ECTOPIC PREGNANCY," 7,774 ", -   ," 2,177 ",,,,
,778 - THREATENED ABORTION," 6,100 ", 797 ," 1,708 ",,,,
,779 - ABORTION W/O D&C," 17,799 "," 1,082 "," 4,984 ",,,,
,780 - FALSE LABOR," 4,148 ", 533 ," 1,161 ",,,,
,781 - OTHER ANTEPARTUM DIAGNOSES W MEDICAL COMPLICATIONS," 13,580 "," 1,155 "," 3,802 ",,,,
,782 - OTHER ANTEPARTUM DIAGNOSES W/O MEDICAL COMPLICATIONS," 11,467 "," 1,076 "," 3,211 ",,,,
,"789 - NEONATES, DIED OR TRANSFERRED TO ANOTHER ACUTE CARE FACILITY"," 108,195 "," 6,800 "," 30,295 ",,,,
,"790 - EXTREME IMMATURITY OR RESPIRATORY DISTRESS SYNDROME, NEONATE"," 598,759 "," 36,042 "," 167,652 ",,,,
,791 - PREMATURITY W MAJOR PROBLEMS," 188,932 "," 10,777 "," 52,901 ",,,,
,792 - PREMATURITY W/O MAJOR PROBLEMS," 11,222 ", 836 ," 3,142 ",,,,
,793 - FULL TERM NEONATE W MAJOR PROBLEMS," 126,606 "," 12,887 "," 35,450 ",,,,
,794 - NEONATE W OTHER SIGNIFICANT PROBLEMS," 5,818 ", 540 ," 1,629 ",,,,
,795 - NORMAL NEWBORN," 2,320 ", 223 , 649 ,,,,
,800 - SPLENECTOMY W CC," 74,872 "," 6,093 "," 20,964 ",,,,
,801 - SPLENECTOMY W/O CC/MCC," 41,257 "," 4,163 "," 11,552 ",,,,
,802 - OTHER O.R. PROC OF THE BLOOD & BLOOD FORMING ORGANS W MCC," 427,737 "," 73,996 "," 119,766 ",,,,
,803 - OTHER O.R. PROC OF THE BLOOD & BLOOD FORMING ORGANS W CC," 70,129 "," 8,015 "," 19,636 ",,,,
,804 - OTHER O.R. PROC OF THE BLOOD & BLOOD FORMING ORGANS W/O CC/MCC," 57,397 "," 8,087 "," 16,071 ",,,,
,808 - MAJOR HEMATOL/IMMUN DIAG EXC SICKLE CELL CRISIS & COAGUL W MCC," 81,776 "," 5,565 "," 22,897 ",,,,
,809 - MAJOR HEMATOL/IMMUN DIAG EXC SICKLE CELL CRISIS & COAGUL W CC," 47,338 "," 4,999 "," 13,255 ",,,,
,810 - MAJOR HEMATOL/IMMUN DIAG EXC SICKLE CELL CRISIS & COAGUL W/O CC/MCC," 127,575 "," 14,233 "," 35,721 ",,,,
,811 - RED BLOOD CELL DISORDERS W MCC," 50,273 "," 2,568 "," 14,076 ",,,,
,812 - RED BLOOD CELL DISORDERS W/O MCC," 20,356 "," 1,698 "," 5,700 ",,,,
,813 - COAGULATION DISORDERS," 289,790 "," 8,878 "," 81,141 ",,,,
,814 - RETICULOENDOTHELIAL & IMMUNITY DISORDERS W MCC," 79,715 "," 5,535 "," 22,320 ",,,,
,815 - RETICULOENDOTHELIAL & IMMUNITY DISORDERS W CC," 34,622 "," 3,166 "," 9,694 ",,,,
,816 - RETICULOENDOTHELIAL & IMMUNITY DISORDERS W/O CC/MCC," 30,797 "," 1,347 "," 8,623 ",,,,
,820 - LYMPHOMA & LEUKEMIA W MAJOR O.R. PROCEDURE W MCC," 243,825 ", -   ," 68,271 ",,,,
,821 - LYMPHOMA & LEUKEMIA W MAJOR O.R. PROCEDURE W CC," 61,690 "," 3,827 "," 17,273 ",,,,
,822 - LYMPHOMA & LEUKEMIA W MAJOR O.R. PROCEDURE W/O CC/MCC," 33,789 "," 2,694 "," 9,461 ",,,,
,823 - LYMPHOMA & NON-ACUTE LEUKEMIA W OTHER PROC W MCC," 205,199 "," 27,566 "," 57,456 ",,,,
,824 - LYMPHOMA & NON-ACUTE LEUKEMIA W OTHER PROC W CC," 107,172 "," 5,609 "," 30,008 ",,,,
,825 - LYMPHOMA & NON-ACUTE LEUKEMIA W OTHER PROC W/O CC/MCC," 50,680 "," 4,554 "," 14,190 ",,,,
,826 - MYELOPROLIF DISORD OR POORLY DIFF NEOPL W MAJ O.R. PROC W MCC," 184,922 "," 30,939 "," 51,778 ",,,,
,827 - MYELOPROLIF DISORD OR POORLY DIFF NEOPL W MAJ O.R. PROC W CC," 63,731 "," 7,265 "," 17,845 ",,,,
,828 - MYELOPROLIF DISORD OR POORLY DIFF NEOPL W MAJ O.R. PROC W/O CC/MCC," 52,930 "," 2,894 "," 14,820 ",,,,
,829 - MYELOPROLIFERATIVE DISORDERS OR POORLY DIFFERENTIATED NEOPLASMS W OTHER PROCEDURE W CC/MCC," 141,944 "," 11,870 "," 39,744 ",,,,
,830 - MYELOPROLIFERATIVE DISORDERS OR POORLY DIFFERENTIATED NEOPLASMS W OTHER PROCEDURE W/O CC/MCC," 45,762 "," 2,799 "," 12,813 ",,,,
,834 - ACUTE LEUKEMIA W/O MAJOR O.R. PROCEDURE W MCC," 247,143 "," 25,963 "," 69,200 ",,,,
,835 - ACUTE LEUKEMIA W/O MAJOR O.R. PROCEDURE W CC," 136,174 "," 15,503 "," 38,129 ",,,,
,836 - ACUTE LEUKEMIA W/O MAJOR O.R. PROCEDURE W/O CC/MCC," 79,406 "," 1,180 "," 22,234 ",,,,
,837 - CHEMO W ACUTE LEUKEMIA AS SDX OR W HIGH DOSE CHEMO AGENT W MCC," 189,087 "," 20,771 "," 52,944 ",,,,
,838 - CHEMO W ACUTE LEUKEMIA AS SDX W CC OR HIGH DOSE CHEMO AGENT," 62,939 "," 5,869 "," 17,623 ",,,,
,839 - CHEMO W ACUTE LEUKEMIA AS SDX W/O CC/MCC," 30,117 "," 2,735 "," 8,433 ",,,,
,840 - LYMPHOMA & NON-ACUTE LEUKEMIA W MCC," 135,858 "," 12,640 "," 38,040 ",,,,
,841 - LYMPHOMA & NON-ACUTE LEUKEMIA W CC," 80,059 "," 6,459 "," 22,417 ",,,,
,842 - LYMPHOMA & NON-ACUTE LEUKEMIA W/O CC/MCC," 67,353 "," 5,275 "," 18,859 ",,,,
,843 - OTHER MYELOPROLIF DIS OR POORLY DIFF NEOPL DIAG W MCC," 51,834 "," 6,140 "," 14,514 ",,,,
,844 - OTHER MYELOPROLIF DIS OR POORLY DIFF NEOPL DIAG W CC," 30,179 "," 3,030 "," 8,450 ",,,,
,845 - OTHER MYELOPROLIF DIS OR POORLY DIFF NEOPL DIAG W/O CC/MCC," 32,894 "," 1,965 "," 9,210 ",,,,
,846 - CHEMOTHERAPY W/O ACUTE LEUKEMIA AS SECONDARY DIAGNOSIS W MCC," 72,875 "," 5,819 "," 20,405 ",,,,
,847 - CHEMOTHERAPY W/O ACUTE LEUKEMIA AS SECONDARY DIAGNOSIS W CC," 40,460 "," 3,801 "," 11,329 ",,,,
,848 - CHEMOTHERAPY W/O ACUTE LEUKEMIA AS SECONDARY DIAGNOSIS W/O CC/MCC," 22,483 "," 2,117 "," 6,295 ",,,,
,853 - INFECTIOUS & PARASITIC DISEASES W O.R. PROCEDURE W MCC," 168,064 "," 15,040 "," 47,058 ",,,,
,854 - INFECTIOUS & PARASITIC DISEASES W O.R. PROCEDURE W CC," 79,402 "," 5,699 "," 22,233 ",,,,
,855 - INFECTIOUS & PARASITIC DISEASES W O.R. PROCEDURE W/O CC/MCC," 77,066 ", -   ," 21,578 ",,,,
,856 - POSTOPERATIVE OR POST-TRAUMATIC INFECTIONS W O.R. PROC W MCC," 122,596 "," 12,977 "," 34,327 ",,,,
,857 - POSTOPERATIVE OR POST-TRAUMATIC INFECTIONS W O.R. PROC W CC," 60,119 "," 5,257 "," 16,833 ",,,,
,858 - POSTOPERATIVE OR POST-TRAUMATIC INFECTIONS W O.R. PROC W/O CC/MCC," 31,141 "," 2,275 "," 8,720 ",,,,
,862 - POSTOPERATIVE & POST-TRAUMATIC INFECTIONS W MCC," 38,323 "," 4,624 "," 10,730 ",,,,
,863 - POSTOPERATIVE & POST-TRAUMATIC INFECTIONS W/O MCC," 24,181 "," 2,018 "," 6,771 ",,,,
,864 - FEVER AND INFLAMMATORY CONDITIONS," 27,345 "," 1,887 "," 7,657 ",,,,
,865 - VIRAL ILLNESS W MCC," 93,410 "," 3,125 "," 26,155 ",,,,
,866 - VIRAL ILLNESS W/O MCC," 26,021 "," 1,615 "," 7,286 ",,,,
,867 - OTHER INFECTIOUS & PARASITIC DISEASES DIAGNOSES W MCC," 76,395 "," 7,093 "," 21,391 ",,,,
,868 - OTHER INFECTIOUS & PARASITIC DISEASES DIAGNOSES W CC," 34,574 "," 3,856 "," 9,681 ",,,,
,869 - OTHER INFECTIOUS & PARASITIC DISEASES DIAGNOSES W/O CC/MCC," 11,239 ", 504 ," 3,147 ",,,,
,870 - SEPTICEMIA OR SEVERE SEPSIS W MV >96 HOURS OR PERIPHERAL EXTRACORPOREAL MEMBRANE OXYGENATION (ECMO)," 199,738 "," 25,540 "," 55,927 ",,,,
,871 - SEPTICEMIA OR SEVERE SEPSIS W/O MV >96 HOURS W MCC," 61,409 "," 5,429 "," 17,195 ",,,,
,872 - SEPTICEMIA OR SEVERE SEPSIS W/O MV >96 HOURS W/O MCC," 33,003 "," 2,615 "," 9,241 ",,,,
,876 - O.R. PROCEDURE W PRINCIPAL DIAGNOSES OF MENTAL ILLNESS," 77,714 "," 5,548 "," 21,760 ",,,,
,880 - ACUTE ADJUSTMENT REACTION & PSYCHOSOCIAL DYSFUNCTION," 23,672 "," 1,537 "," 6,628 ",,,,
,881 - DEPRESSIVE NEUROSES," 6,421 ", 648 ," 1,798 ",,,,
,882 - NEUROSES EXCEPT DEPRESSIVE," 17,537 "," 1,094 "," 4,910 ",,,,
,883 - DISORDERS OF PERSONALITY & IMPULSE CONTROL," 11,423 "," 1,819 "," 3,198 ",,,,
,884 - ORGANIC DISTURBANCES & INTELLECTUAL DISABILITY," 38,277 "," 2,255 "," 10,718 ",,,,
,885 - PSYCHOSES," 28,909 "," 2,080 "," 8,094 ",,,,
,886 - BEHAVIORAL & DEVELOPMENTAL DISORDERS," 24,213 "," 1,443 "," 6,780 ",,,,
,887 - OTHER MENTAL DISORDER DIAGNOSES," 22,591 "," 2,745 "," 6,325 ",,,,
,"894 - ALCOHOL/DRUG ABUSE OR DEPENDENCE, LEFT AMA"," 11,252 "," 1,282 "," 3,150 ",,,,
,896 - ALCOHOL/DRUG ABUSE OR DEPENDENCE W/O REHABILITATION THERAPY W MCC," 39,025 "," 2,692 "," 10,927 ",,,,
,897 - ALCOHOL/DRUG ABUSE OR DEPENDENCE W/O REHABILITATION THERAPY W/O MCC," 23,646 "," 1,893 "," 6,621 ",,,,
,901 - WOUND DEBRIDEMENTS FOR INJURIES W MCC," 67,793 "," 7,198 "," 18,982 ",,,,
,902 - WOUND DEBRIDEMENTS FOR INJURIES W CC," 44,902 "," 1,977 "," 12,572 ",,,,
,903 - WOUND DEBRIDEMENTS FOR INJURIES W/O CC/MCC," 31,769 "," 3,049 "," 8,895 ",,,,
,904 - SKIN GRAFTS FOR INJURIES W CC/MCC," 75,861 "," 5,991 "," 21,241 ",,,,
,905 - SKIN GRAFTS FOR INJURIES W/O CC/MCC," 30,796 "," 4,231 "," 8,623 ",,,,
,906 - HAND PROCEDURES FOR INJURIES," 50,397 "," 3,893 "," 14,111 ",,,,
,907 - OTHER O.R. PROCEDURES FOR INJURIES W MCC," 125,409 "," 8,959 "," 35,114 ",,,,
,908 - OTHER O.R. PROCEDURES FOR INJURIES W CC," 59,876 "," 4,995 "," 16,765 ",,,,
,909 - OTHER O.R. PROCEDURES FOR INJURIES W/O CC/MCC," 43,501 "," 2,924 "," 12,180 ",,,,
,913 - TRAUMATIC INJURY W MCC," 45,431 ", -   ," 12,721 ",,,,
,914 - TRAUMATIC INJURY W/O MCC," 24,499 "," 1,405 "," 6,860 ",,,,
,915 - ALLERGIC REACTIONS W MCC," 42,366 "," 4,041 "," 11,862 ",,,,
,916 - ALLERGIC REACTIONS W/O MCC," 32,428 "," 1,365 "," 9,080 ",,,,
,917 - POISONING & TOXIC EFFECTS OF DRUGS W MCC," 43,852 "," 3,225 "," 12,279 ",,,,
,918 - POISONING & TOXIC EFFECTS OF DRUGS W/O MCC," 20,019 "," 1,694 "," 5,605 ",,,,
,919 - COMPLICATIONS OF TREATMENT W MCC," 72,923 "," 12,278 "," 20,419 ",,,,
,920 - COMPLICATIONS OF TREATMENT W CC," 38,530 "," 3,214 "," 10,788 ",,,,
,921 - COMPLICATIONS OF TREATMENT W/O CC/MCC," 15,288 "," 2,151 "," 4,281 ",,,,
,"922 - OTHER INJURY, POISONING & TOXIC EFFECT DIAG W MCC"," 76,129 "," 6,819 "," 21,316 ",,,,
,"923 - OTHER INJURY, POISONING & TOXIC EFFECT DIAG W/O MCC"," 22,196 "," 1,786 "," 6,215 ",,,,
,939 - O.R. PROC W DIAGNOSES OF OTHER CONTACT W HEALTH SERVICES W MCC," 123,591 "," 16,111 "," 34,606 ",,,,
,940 - O.R. PROC W DIAGNOSES OF OTHER CONTACT W HEALTH SERVICES W CC," 48,993 "," 4,285 "," 13,718 ",,,,
,941 - O.R. PROC W DIAGNOSES OF OTHER CONTACT W HEALTH SERVICES W/O CC/MCC," 61,666 "," 10,660 "," 17,266 ",,,,
,947 - SIGNS & SYMPTOMS W MCC," 30,544 "," 2,431 "," 8,552 ",,,,
,948 - SIGNS & SYMPTOMS W/O MCC," 25,305 "," 1,672 "," 7,085 ",,,,
,949 - AFTERCARE W CC/MCC," 30,944 "," 2,021 "," 8,664 ",,,,
,950 - AFTERCARE W/O CC/MCC," 20,841 ", -   ," 5,836 ",,,,
,951 - OTHER FACTORS INFLUENCING HEALTH STATUS," 20,770 ", -   ," 5,816 ",,,,
,955 - CRANIOTOMY FOR MULTIPLE SIGNIFICANT TRAUMA," 252,709 "," 25,228 "," 70,758 ",,,,
,"956 - LIMB REATTACHMENT, HIP & FEMUR PROC FOR MULTIPLE SIGNIFICANT TRAUMA"," 198,320 "," 19,375 "," 55,529 ",,,,
,957 - OTHER O.R. PROCEDURES FOR MULTIPLE SIGNIFICANT TRAUMA W MCC," 260,727 "," 26,506 "," 73,004 ",,,,
,958 - OTHER O.R. PROCEDURES FOR MULTIPLE SIGNIFICANT TRAUMA W CC," 121,848 "," 7,893 "," 34,117 ",,,,
,959 - OTHER O.R. PROCEDURES FOR MULTIPLE SIGNIFICANT TRAUMA W/O CC/MCC," 64,004 "," 6,586 "," 17,921 ",,,,
,963 - OTHER MULTIPLE SIGNIFICANT TRAUMA W MCC," 71,998 ", -   ," 20,160 ",,,,
,964 - OTHER MULTIPLE SIGNIFICANT TRAUMA W CC," 47,522 "," 2,997 "," 13,306 ",,,,
,965 - OTHER MULTIPLE SIGNIFICANT TRAUMA W/O CC/MCC," 36,132 "," 1,905 "," 10,117 ",,,,
,969 - HIV W EXTENSIVE O.R. PROCEDURE W MCC," 251,237 "," 21,709 "," 70,346 ",,,,
,974 - HIV W MAJOR RELATED CONDITION W MCC," 128,092 "," 23,290 "," 35,866 ",,,,
,975 - HIV W MAJOR RELATED CONDITION W CC," 51,250 "," 2,538 "," 14,350 ",,,,
,976 - HIV W MAJOR RELATED CONDITION W/O CC/MCC," 18,698 "," 2,441 "," 5,235 ",,,,
,977 - HIV W OR W/O OTHER RELATED CONDITION," 36,733 "," 1,747 "," 10,285 ",,,,
,981 - EXTENSIVE O.R. PROCEDURE UNRELATED TO PRINCIPAL DIAGNOSIS W MCC," 155,330 "," 13,145 "," 43,492 ",,,,
,982 - EXTENSIVE O.R. PROCEDURE UNRELATED TO PRINCIPAL DIAGNOSIS W CC," 68,807 "," 4,859 "," 19,266 ",,,,
,983 - EXTENSIVE O.R. PROCEDURE UNRELATED TO PRINCIPAL DIAGNOSIS W/O CC/MCC," 40,261 "," 3,556 "," 11,273 ",,,,
,987 - NON-EXTENSIVE O.R. PROC UNRELATED TO PRINCIPAL DIAGNOSIS W MCC," 146,248 "," 13,441 "," 40,949 ",,,,
,988 - NON-EXTENSIVE O.R. PROC UNRELATED TO PRINCIPAL DIAGNOSIS W CC," 64,956 "," 4,079 "," 18,188 ",,,,
,989 - NON-EXTENSIVE O.R. PROC UNRELATED TO PRINCIPAL DIAGNOSIS W/O CC/MCC," 38,023 "," 3,248 "," 10,646 ",,,,
