drg_code, drg_description, avg_price
3,"ECMO OR TRACH W MV >96 HRS OR PDX EXC FACE, MOUTH & NECK W MAJ O.R.","$ 498,052.03"
4,"TRACH W MV >96 HRS OR PDX EXC FACE, MOUTH & NECK W/O MAJ O.R.","$ 375,511.80"
11,"TRACHEOSTOMY FOR FACE, MOUTH & NECK DIAGNOSES OR LARYNGECTOMY W MCC","$ 163,862.65"
12,"TRACHEOSTOMY FOR FACE, MOUTH & NECK DIAGNOSES OR LARYNGECTOMY W CC","$ 104,676.76"
13,"TRACHEOSTOMY FOR FACE, MOUTH & NECK DIAGNOSES OR LARYNGECTOMY W/O CC/MCC","$ 70,212.14"
20,"INTRACRANIAL VASCULAR PROCEDURES W PDX HEMORRHAGE W MCC","$ 426,807.32"
21,"INTRACRANIAL VASCULAR PROCEDURES W PDX HEMORRHAGE W CC","$ 396,712.88"
23,"CRANIOTOMY W MAJOR DEVICE IMPLANT OR ACUTE COMPLEX CNS PDX W MCC OR CHEMOTHERAPY IMPLANT OR EPILEPSY W NEUROSTIMULATOR","$ 194,367.33"
24,"CRANIO W MAJOR DEV IMPL/ACUTE COMPLEX CNS PDX W/O MCC","$ 117,012.47"
25,"CRANIOTOMY & ENDOVASCULAR INTRACRANIAL PROCEDURES W MCC","$ 168,264.33"
26,"CRANIOTOMY & ENDOVASCULAR INTRACRANIAL PROCEDURES W CC","$ 109,895.16"
27,"CRANIOTOMY & ENDOVASCULAR INTRACRANIAL PROCEDURES W/O CC/MCC","$ 112,296.61"
28,"SPINAL PROCEDURES W MCC","$ 208,770.17"
29,"SPINAL PROCEDURES W CC OR SPINAL NEUROSTIMULATORS","$ 105,462.77"
30,"SPINAL PROCEDURES W/O CC/MCC","$ 101,228.14"
31,"VENTRICULAR SHUNT PROCEDURES W MCC","$ 67,545.55"
32,"VENTRICULAR SHUNT PROCEDURES W CC","$ 95,502.86"
33,"VENTRICULAR SHUNT PROCEDURES W/O CC/MCC","$ 76,584.64"
36,"CAROTID ARTERY STENT PROCEDURE W/O CC/MCC","$ 99,172.28"
37,"EXTRACRANIAL PROCEDURES W MCC","$ 77,100.16"
38,"EXTRACRANIAL PROCEDURES W CC","$ 47,356.60"
39,"EXTRACRANIAL PROCEDURES W/O CC/MCC","$ 39,462.62"
40,"PERIPH/CRANIAL NERVE & OTHER NERV SYST PROC W MCC","$ 158,707.17"
41,"PERIPH/CRANIAL NERVE & OTHER NERV SYST PROC W CC OR PERIPH NEUROSTIM","$ 85,710.87"
42,"PERIPH/CRANIAL NERVE & OTHER NERV SYST PROC W/O CC/MCC","$ 71,074.66"
52,"SPINAL DISORDERS & INJURIES W CC/MCC","$ 75,937.53"
53,"SPINAL DISORDERS & INJURIES W/O CC/MCC","$ 46,798.15"
54,"NERVOUS SYSTEM NEOPLASMS W MCC","$ 38,489.73"
55,"NERVOUS SYSTEM NEOPLASMS W/O MCC","$ 31,155.32"
56,"DEGENERATIVE NERVOUS SYSTEM DISORDERS W MCC","$ 89,616.84"
57,"DEGENERATIVE NERVOUS SYSTEM DISORDERS W/O MCC","$ 60,794.56"
58,"MULTIPLE SCLEROSIS & CEREBELLAR ATAXIA W MCC","$ 46,001.89"
59,"MULTIPLE SCLEROSIS & CEREBELLAR ATAXIA W CC","$ 58,317.20"
60,"MULTIPLE SCLEROSIS & CEREBELLAR ATAXIA W/O CC/MCC","$ 26,948.48"
61,"ISCHEMIC STROKE, PRECEREBRAL OCCLUSION OR TRANSIENT ISCHEMIA W THROMBOLYTIC AGENT W MCC","$ 85,186.75"
62,"ISCHEMIC STROKE, PRECEREBRAL OCCLUSION OR TRANSIENT ISCHEMIA W THROMBOLYTIC AGENT W CC","$ 77,791.10"
63,"ISCHEMIC STROKE, PRECEREBRAL OCCLUSION OR TRANSIENT ISCHEMIA W THROMBOLYTIC AGENT W/O CC/MCC","$ 71,325.64"
64,"INTRACRANIAL HEMORRHAGE OR CEREBRAL INFARCTION W MCC","$ 55,933.82"
65,"INTRACRANIAL HEMORRHAGE OR CEREBRAL INFARCTION W CC OR TPA IN 24 HRS","$ 34,884.04"
66,"INTRACRANIAL HEMORRHAGE OR CEREBRAL INFARCTION W/O CC/MCC","$ 26,165.52"
67,"NONSPECIFIC CVA & PRECEREBRAL OCCLUSION W/O INFARCT W MCC","$ 17,324.80"
68,"NONSPECIFIC CVA & PRECEREBRAL OCCLUSION W/O INFARCT W/O MCC","$ 26,324.48"
69,"TRANSIENT ISCHEMIA W/O THROMBOLYTIC","$ 22,584.03"
70,"NONSPECIFIC CEREBROVASCULAR DISORDERS W MCC","$ 55,178.45"
71,"NONSPECIFIC CEREBROVASCULAR DISORDERS W CC","$ 37,958.23"
72,"NONSPECIFIC CEREBROVASCULAR DISORDERS W/O CC/MCC","$ 18,932.39"
73,"CRANIAL & PERIPHERAL NERVE DISORDERS W MCC","$ 20,163.52"
74,"CRANIAL & PERIPHERAL NERVE DISORDERS W/O MCC","$ 9,252.63"
75,"VIRAL MENINGITIS W CC/MCC","$ 27,706.40"
76,"VIRAL MENINGITIS W/O CC/MCC","$ 13,679.47"
77,"HYPERTENSIVE ENCEPHALOPATHY W MCC","$ 57,906.31"
78,"HYPERTENSIVE ENCEPHALOPATHY W CC","$ 25,938.36"
79,"HYPERTENSIVE ENCEPHALOPATHY W/O CC/MCC","$ 23,969.27"
80,"NONTRAUMATIC STUPOR & COMA W MCC","$ 32,713.40"
81,"NONTRAUMATIC STUPOR & COMA W/O MCC","$ 9,369.55"
82,"TRAUMATIC STUPOR & COMA, COMA >1 HR W MCC","$ 74,623.93"
83,"TRAUMATIC STUPOR & COMA, COMA >1 HR W CC","$ 41,387.80"
84,"TRAUMATIC STUPOR & COMA, COMA >1 HR W/O CC/MCC","$ 20,411.99"
85,"TRAUMATIC STUPOR & COMA, COMA <1 HR W MCC","$ 69,695.47"
86,"TRAUMATIC STUPOR & COMA, COMA <1 HR W CC","$ 31,684.80"
87,"TRAUMATIC STUPOR & COMA, COMA <1 HR W/O CC/MCC","$ 15,158.19"
88,"CONCUSSION W MCC","$ 28,015.97"
89,"CONCUSSION W CC","$ 16,459.27"
90,"CONCUSSION W/O CC/MCC","$ 6,253.43"
91,"OTHER DISORDERS OF NERVOUS SYSTEM W MCC","$ 46,274.71"
92,"OTHER DISORDERS OF NERVOUS SYSTEM W CC","$ 18,546.66"
93,"OTHER DISORDERS OF NERVOUS SYSTEM W/O CC/MCC","$ 7,175.22"
94,"BACTERIAL & TUBERCULOUS INFECTIONS OF NERVOUS SYSTEM W MCC","$ 105,164.15"
95,"BACTERIAL & TUBERCULOUS INFECTIONS OF NERVOUS SYSTEM W CC","$ 74,531.99"
96,"BACTERIAL & TUBERCULOUS INFECTIONS OF NERVOUS SYSTEM W/O CC/MCC","$ 64,017.85"
97,"NON-BACTERIAL INFECT OF NERVOUS SYS EXC VIRAL MENINGITIS W MCC","$ 126,394.86"
98,"NON-BACTERIAL INFECT OF NERVOUS SYS EXC VIRAL MENINGITIS W CC","$ 73,280.98"
99,"NON-BACTERIAL INFECT OF NERVOUS SYS EXC VIRAL MENINGITIS W/O CC/MCC","$ 39,952.56"
100,"SEIZURES W MCC","$ 40,289.74"
101,"SEIZURES W/O MCC","$ 9,250.29"
102,"HEADACHES W MCC","$ 11,060.50"
103,"HEADACHES W/O MCC","$ 5,755.57"
121,"ACUTE MAJOR EYE INFECTIONS W CC/MCC","$ 16,734.06"
122,"ACUTE MAJOR EYE INFECTIONS W/O CC/MCC","$ 4,097.29"
123,"NEUROLOGICAL EYE DISORDERS","$ 13,291.73"
124,"OTHER DISORDERS OF THE EYE W MCC","$ 9,830.04"
125,"OTHER DISORDERS OF THE EYE W/O MCC","$ 6,375.07"
129,"MAJOR HEAD & NECK PROCEDURES W CC/MCC OR MAJOR DEVICE","$ 62,162.02"
131,"CRANIAL/FACIAL PROCEDURES W CC/MCC","$ 81,192.35"
132,"CRANIAL/FACIAL PROCEDURES W/O CC/MCC","$ 49,997.20"
133,"OTHER EAR, NOSE, MOUTH & THROAT O.R. PROCEDURES W CC/MCC","$ 46,551.16"
134,"OTHER EAR, NOSE, MOUTH & THROAT O.R. PROCEDURES W/O CC/MCC","$ 29,933.87"
137,"MOUTH PROCEDURES W CC/MCC","$ 34,203.35"
138,"MOUTH PROCEDURES W/O CC/MCC","$ 24,417.90"
146,"EAR, NOSE, MOUTH & THROAT MALIGNANCY W MCC","$ 49,317.73"
147,"EAR, NOSE, MOUTH & THROAT MALIGNANCY W CC","$ 35,934.86"
148,"EAR, NOSE, MOUTH & THROAT MALIGNANCY W/O CC/MCC","$ 19,559.54"
149,"DYSEQUILIBRIUM","$ 7,356.19"
150,"EPISTAXIS W MCC","$ 10,577.34"
151,"EPISTAXIS W/O MCC","$ 2,559.90"
152,"OTITIS MEDIA & URI W MCC","$ 6,974.19"
153,"OTITIS MEDIA & URI W/O MCC","$ 2,848.26"
154,"OTHER EAR, NOSE, MOUTH & THROAT DIAGNOSES W MCC","$ 21,059.47"
155,"OTHER EAR, NOSE, MOUTH & THROAT DIAGNOSES W CC","$ 11,965.09"
156,"OTHER EAR, NOSE, MOUTH & THROAT DIAGNOSES W/O CC/MCC","$ 5,207.22"
157,"DENTAL & ORAL DISEASES W MCC","$ 19,218.67"
158,"DENTAL & ORAL DISEASES W CC","$ 12,125.52"
159,"DENTAL & ORAL DISEASES W/O CC/MCC","$ 5,628.37"
163,"MAJOR CHEST PROCEDURES W MCC","$ 168,526.55"
164,"MAJOR CHEST PROCEDURES W CC","$ 85,637.60"
165,"MAJOR CHEST PROCEDURES W/O CC/MCC","$ 65,960.10"
166,"OTHER RESP SYSTEM O.R. PROCEDURES W MCC","$ 111,637.24"
167,"OTHER RESP SYSTEM O.R. PROCEDURES W CC","$ 62,486.65"
168,"OTHER RESP SYSTEM O.R. PROCEDURES W/O CC/MCC","$ 52,762.73"
175,"PULMONARY EMBOLISM W MCC","$ 39,879.11"
176,"PULMONARY EMBOLISM W/O MCC","$ 21,877.65"
177,"RESPIRATORY INFECTIONS & INFLAMMATIONS W MCC","$ 45,522.55"
178,"RESPIRATORY INFECTIONS & INFLAMMATIONS W CC","$ 30,090.20"
179,"RESPIRATORY INFECTIONS & INFLAMMATIONS W/O CC/MCC","$ 15,364.57"
180,"RESPIRATORY NEOPLASMS W MCC","$ 41,770.03"
181,"RESPIRATORY NEOPLASMS W CC","$ 25,433.95"
182,"RESPIRATORY NEOPLASMS W/O CC/MCC","$ 18,224.06"
183,"MAJOR CHEST TRAUMA W MCC","$ 42,307.52"
184,"MAJOR CHEST TRAUMA W CC","$ 33,451.42"
185,"MAJOR CHEST TRAUMA W/O CC/MCC","$ 14,180.02"
186,"PLEURAL EFFUSION W MCC","$ 31,298.93"
187,"PLEURAL EFFUSION W CC","$ 20,394.98"
188,"PLEURAL EFFUSION W/O CC/MCC","$ 11,286.11"
189,"PULMONARY EDEMA & RESPIRATORY FAILURE","$ 32,954.62"
190,"CHRONIC OBSTRUCTIVE PULMONARY DISEASE W MCC","$ 27,246.94"
191,"CHRONIC OBSTRUCTIVE PULMONARY DISEASE W CC","$ 19,295.44"
192,"CHRONIC OBSTRUCTIVE PULMONARY DISEASE W/O CC/MCC","$ 9,402.58"
193,"SIMPLE PNEUMONIA & PLEURISY W MCC","$ 34,056.91"
194,"SIMPLE PNEUMONIA & PLEURISY W CC","$ 17,114.62"
195,"SIMPLE PNEUMONIA & PLEURISY W/O CC/MCC","$ 5,164.52"
196,"INTERSTITIAL LUNG DISEASE W MCC","$ 36,986.59"
197,"INTERSTITIAL LUNG DISEASE W CC","$ 18,931.27"
198,"INTERSTITIAL LUNG DISEASE W/O CC/MCC","$ 10,145.62"
199,"PNEUMOTHORAX W MCC","$ 58,233.29"
200,"PNEUMOTHORAX W CC","$ 35,366.03"
201,"PNEUMOTHORAX W/O CC/MCC","$ 13,552.50"
202,"BRONCHITIS & ASTHMA W CC/MCC","$ 13,562.11"
203,"BRONCHITIS & ASTHMA W/O CC/MCC","$ 4,592.59"
204,"RESPIRATORY SIGNS & SYMPTOMS","$ 4,294.71"
205,"OTHER RESPIRATORY SYSTEM DIAGNOSES W MCC","$ 28,436.84"
206,"OTHER RESPIRATORY SYSTEM DIAGNOSES W/O MCC","$ 9,011.06"
207,"RESPIRATORY SYSTEM DIAGNOSIS W VENTILATOR SUPPORT >96 HOURS OR PERIPHERAL EXTRACORPOREAL MEMBRANE OXYGENATION (ECMO)","$ 183,059.00"
208,"RESPIRATORY SYSTEM DIAGNOSIS W VENTILATOR SUPPORT <=96 HOURS","$ 78,749.66"
215,"OTHER HEART ASSIST SYSTEM IMPLANT","$ 356,767.48"
216,"CARDIAC VALVE & OTH MAJ CARDIOTHORACIC PROC W CARD CATH W MCC","$ 314,918.31"
217,"CARDIAC VALVE & OTH MAJ CARDIOTHORACIC PROC W CARD CATH W CC","$ 224,977.90"
218,"CARDIAC VALVE & OTH MAJ CARDIOTHORACIC PROC W CARD CATH W/O CC/MCC","$ 200,945.41"
219,"CARDIAC VALVE & OTH MAJ CARDIOTHORACIC PROC W/O CARD CATH W MCC","$ 241,078.36"
220,"CARDIAC VALVE & OTH MAJ CARDIOTHORACIC PROC W/O CARD CATH W CC","$ 179,386.87"
221,"CARDIAC VALVE & OTH MAJ CARDIOTHORACIC PROC W/O CARD CATH W/O CC/MCC","$ 165,517.21"
222,"CARDIAC DEFIB IMPLANT W CARDIAC CATH W AMI/HF/SHOCK W MCC","$ 275,237.83"
223,"CARDIAC DEFIB IMPLANT W CARDIAC CATH W AMI/HF/SHOCK W/O MCC","$ 199,040.13"
224,"CARDIAC DEFIB IMPLANT W CARDIAC CATH W/O AMI/HF/SHOCK W MCC","$ 296,498.25"
225,"CARDIAC DEFIB IMPLANT W CARDIAC CATH W/O AMI/HF/SHOCK W/O MCC","$ 231,710.83"
226,"CARDIAC DEFIBRILLATOR IMPLANT W/O CARDIAC CATH W MCC","$ 235,078.42"
227,"CARDIAC DEFIBRILLATOR IMPLANT W/O CARDIAC CATH W/O MCC","$ 207,174.21"
228,"OTHER CARDIOTHORACIC PROCEDURES W MCC","$ 217,808.56"
229,"OTHER CARDIOTHORACIC PROCEDURES W/O MCC","$ 161,971.11"
231,"CORONARY BYPASS W PTCA W MCC","$ 199,388.80"
232,"CORONARY BYPASS W PTCA W/O MCC","$ 230,774.55"
233,"CORONARY BYPASS W CARDIAC CATH W MCC","$ 223,293.89"
234,"CORONARY BYPASS W CARDIAC CATH W/O MCC","$ 170,150.42"
235,"CORONARY BYPASS W/O CARDIAC CATH W MCC","$ 157,216.77"
236,"CORONARY BYPASS W/O CARDIAC CATH W/O MCC","$ 134,343.55"
239,"AMPUTATION FOR CIRC SYS DISORDERS EXC UPPER LIMB & TOE W MCC","$ 137,914.95"
240,"AMPUTATION FOR CIRC SYS DISORDERS EXC UPPER LIMB & TOE W CC","$ 75,647.53"
241,"AMPUTATION FOR CIRC SYS DISORDERS EXC UPPER LIMB & TOE W/O CC/MCC","$ 64,446.64"
242,"PERMANENT CARDIAC PACEMAKER IMPLANT W MCC","$ 139,340.50"
243,"PERMANENT CARDIAC PACEMAKER IMPLANT W CC","$ 105,935.49"
244,"PERMANENT CARDIAC PACEMAKER IMPLANT W/O CC/MCC","$ 79,408.29"
245,"AICD GENERATOR PROCEDURES","$ 242,621.16"
246,"PERCUTANEOUS CARDIOVASCULAR PROCEDURES W DRUG-ELUTING STENT W MCC OR 4+ ARTERIES OR STENTS","$ 111,459.25"
247,"PERC CARDIOVASC PROC W DRUG-ELUTING STENT W/O MCC","$ 83,366.11"
248,"PERCUTANEOUS CARDIOVASCULAR PROCEDURES W NON-DRUG-ELUTING STENT W MCC OR 4+ ARTERIES OR STENTS","$ 120,104.09"
249,"PERC CARDIOVASC PROC W NON-DRUG-ELUTING STENT W/O MCC","$ 80,134.59"
250,"PERC CARDIOVASC PROC W/O CORONARY ARTERY STENT W MCC","$ 102,171.68"
251,"PERC CARDIOVASC PROC W/O CORONARY ARTERY STENT W/O MCC","$ 71,969.01"
252,"OTHER VASCULAR PROCEDURES W MCC","$ 107,485.80"
253,"OTHER VASCULAR PROCEDURES W CC","$ 94,380.61"
254,"OTHER VASCULAR PROCEDURES W/O CC/MCC","$ 68,394.65"
255,"UPPER LIMB & TOE AMPUTATION FOR CIRC SYSTEM DISORDERS W MCC","$ 69,280.40"
256,"UPPER LIMB & TOE AMPUTATION FOR CIRC SYSTEM DISORDERS W CC","$ 63,743.67"
257,"UPPER LIMB & TOE AMPUTATION FOR CIRC SYSTEM DISORDERS W/O CC/MCC","$ 34,468.13"
258,"CARDIAC PACEMAKER DEVICE REPLACEMENT W MCC","$ 82,955.91"
259,"CARDIAC PACEMAKER DEVICE REPLACEMENT W/O MCC","$ 84,940.68"
260,"CARDIAC PACEMAKER REVISION EXCEPT DEVICE REPLACEMENT W MCC","$ 130,050.26"
261,"CARDIAC PACEMAKER REVISION EXCEPT DEVICE REPLACEMENT W CC","$ 62,129.85"
262,"CARDIAC PACEMAKER REVISION EXCEPT DEVICE REPLACEMENT W/O CC/MCC","$ 48,579.81"
263,"VEIN LIGATION & STRIPPING","$ 71,207.43"
264,"OTHER CIRCULATORY SYSTEM O.R. PROCEDURES","$ 143,294.33"
265,"AICD LEAD PROCEDURES","$ 158,307.28"
266,"ENDOVASCULAR CARDIAC VALVE REPLACEMENT W MCC","$ 144,843.88"
267,"ENDOVASCULAR CARDIAC VALVE REPLACEMENT W/O MCC","$ 108,231.14"
268,"AORTIC AND HEART ASSIST PROCEDURES EXCEPT PULSATION BALLOON W MCC","$ 241,593.73"
269,"AORTIC AND HEART ASSIST PROCEDURES EXCEPT PULSATION BALLOON W/O MCC","$ 188,635.01"
270,"OTHER MAJOR CARDIOVASCULAR PROCEDURES W MCC","$ 170,636.79"
271,"OTHER MAJOR CARDIOVASCULAR PROCEDURES W CC","$ 131,865.15"
272,"OTHER MAJOR CARDIOVASCULAR PROCEDURES W/O CC/MCC","$ 105,139.67"
273,"PERCUTANEOUS INTRACARDIAC PROCEDURES W MCC","$ 184,636.46"
274,"PERCUTANEOUS INTRACARDIAC PROCEDURES W/O MCC","$ 151,495.32"
280,"ACUTE MYOCARDIAL INFARCTION, DISCHARGED ALIVE W MCC","$ 48,210.46"
281,"ACUTE MYOCARDIAL INFARCTION, DISCHARGED ALIVE W CC","$ 33,889.22"
282,"ACUTE MYOCARDIAL INFARCTION, DISCHARGED ALIVE W/O CC/MCC","$ 21,887.20"
283,"ACUTE MYOCARDIAL INFARCTION, EXPIRED W MCC","$ 81,778.24"
284,"ACUTE MYOCARDIAL INFARCTION, EXPIRED W CC","$ 45,977.15"
285,"ACUTE MYOCARDIAL INFARCTION, EXPIRED W/O CC/MCC","$ 13,395.15"
286,"CIRCULATORY DISORDERS EXCEPT AMI, W CARD CATH W MCC","$ 56,635.50"
287,"CIRCULATORY DISORDERS EXCEPT AMI, W CARD CATH W/O MCC","$ 39,223.22"
288,"ACUTE & SUBACUTE ENDOCARDITIS W MCC","$ 78,649.57"
289,"ACUTE & SUBACUTE ENDOCARDITIS W CC","$ 40,634.99"
290,"ACUTE & SUBACUTE ENDOCARDITIS W/O CC/MCC","$ 26,430.26"
291,"HEART FAILURE & SHOCK W MCC OR PERIPHERAL EXTRACORPOREAL MEMBRANE OXYGENATION (ECMO)","$ 32,396.85"
292,"HEART FAILURE & SHOCK W CC","$ 42,987.29"
293,"HEART FAILURE & SHOCK W/O CC/MCC","$ 23,327.23"
294,"DEEP VEIN THROMBOPHLEBITIS W CC/MCC","$ 18,929.46"
295,"DEEP VEIN THROMBOPHLEBITIS W/O CC/MCC","$ 3,049.01"
296,"CARDIAC ARREST, UNEXPLAINED W MCC OR PERIPHERAL EXTRACORPOREAL MEMBRANE OXYGENATION (ECMO)","$ 46,455.51"
297,"CARDIAC ARREST, UNEXPLAINED W CC","$ 16,036.89"
298,"CARDIAC ARREST, UNEXPLAINED W/O CC/MCC","$ 11,113.16"
299,"PERIPHERAL VASCULAR DISORDERS W MCC","$ 49,841.39"
300,"PERIPHERAL VASCULAR DISORDERS W CC","$ 49,746.43"
301,"PERIPHERAL VASCULAR DISORDERS W/O CC/MCC","$ 22,440.56"
302,"ATHEROSCLEROSIS W MCC","$ 49,975.21"
303,"ATHEROSCLEROSIS W/O MCC","$ 39,512.40"
304,"HYPERTENSION W MCC","$ 23,224.37"
305,"HYPERTENSION W/O MCC","$ 7,840.23"
306,"CARDIAC CONGENITAL & VALVULAR DISORDERS W MCC","$ 30,687.94"
307,"CARDIAC CONGENITAL & VALVULAR DISORDERS W/O MCC","$ 22,309.80"
308,"CARDIAC ARRHYTHMIA & CONDUCTION DISORDERS W MCC","$ 40,392.29"
309,"CARDIAC ARRHYTHMIA & CONDUCTION DISORDERS W CC","$ 39,181.04"
310,"CARDIAC ARRHYTHMIA & CONDUCTION DISORDERS W/O CC/MCC","$ 21,640.11"
311,"ANGINA PECTORIS","$ 14,388.27"
312,"SYNCOPE & COLLAPSE","$ 9,096.42"
313,"CHEST PAIN","$ 8,283.00"
314,"OTHER CIRCULATORY SYSTEM DIAGNOSES W MCC","$ 31,270.51"
315,"OTHER CIRCULATORY SYSTEM DIAGNOSES W CC","$ 56,081.01"
316,"OTHER CIRCULATORY SYSTEM DIAGNOSES W/O CC/MCC","$ 14,075.12"
326,"STOMACH, ESOPHAGEAL & DUODENAL PROC W MCC","$ 133,162.17"
327,"STOMACH, ESOPHAGEAL & DUODENAL PROC W CC","$ 66,252.62"
328,"STOMACH, ESOPHAGEAL & DUODENAL PROC W/O CC/MCC","$ 44,843.13"
329,"MAJOR SMALL & LARGE BOWEL PROCEDURES W MCC","$ 135,467.48"
330,"MAJOR SMALL & LARGE BOWEL PROCEDURES W CC","$ 83,650.90"
331,"MAJOR SMALL & LARGE BOWEL PROCEDURES W/O CC/MCC","$ 58,409.64"
333,"RECTAL RESECTION W CC","$ 59,522.96"
334,"RECTAL RESECTION W/O CC/MCC","$ 51,098.28"
335,"PERITONEAL ADHESIOLYSIS W MCC","$ 148,627.09"
336,"PERITONEAL ADHESIOLYSIS W CC","$ 66,276.19"
337,"PERITONEAL ADHESIOLYSIS W/O CC/MCC","$ 50,105.68"
338,"APPENDECTOMY W COMPLICATED PRINCIPAL DIAG W MCC","$ 81,748.33"
339,"APPENDECTOMY W COMPLICATED PRINCIPAL DIAG W CC","$ 51,555.00"
340,"APPENDECTOMY W COMPLICATED PRINCIPAL DIAG W/O CC/MCC","$ 41,473.08"
341,"APPENDECTOMY W/O COMPLICATED PRINCIPAL DIAG W MCC","$ 87,758.08"
342,"APPENDECTOMY W/O COMPLICATED PRINCIPAL DIAG W CC","$ 50,149.97"
343,"APPENDECTOMY W/O COMPLICATED PRINCIPAL DIAG W/O CC/MCC","$ 36,341.84"
344,"MINOR SMALL & LARGE BOWEL PROCEDURES W MCC","$ 82,947.73"
345,"MINOR SMALL & LARGE BOWEL PROCEDURES W CC","$ 47,410.93"
346,"MINOR SMALL & LARGE BOWEL PROCEDURES W/O CC/MCC","$ 45,026.13"
347,"ANAL & STOMAL PROCEDURES W MCC","$ 92,019.01"
348,"ANAL & STOMAL PROCEDURES W CC","$ 42,220.57"
349,"ANAL & STOMAL PROCEDURES W/O CC/MCC","$ 34,976.55"
350,"INGUINAL & FEMORAL HERNIA PROCEDURES W MCC","$ 99,239.23"
351,"INGUINAL & FEMORAL HERNIA PROCEDURES W CC","$ 49,816.27"
352,"INGUINAL & FEMORAL HERNIA PROCEDURES W/O CC/MCC","$ 39,059.89"
353,"HERNIA PROCEDURES EXCEPT INGUINAL & FEMORAL W MCC","$ 59,539.00"
354,"HERNIA PROCEDURES EXCEPT INGUINAL & FEMORAL W CC","$ 51,088.56"
355,"HERNIA PROCEDURES EXCEPT INGUINAL & FEMORAL W/O CC/MCC","$ 41,457.82"
356,"OTHER DIGESTIVE SYSTEM O.R. PROCEDURES W MCC","$ 115,384.04"
357,"OTHER DIGESTIVE SYSTEM O.R. PROCEDURES W CC","$ 70,866.88"
358,"OTHER DIGESTIVE SYSTEM O.R. PROCEDURES W/O CC/MCC","$ 49,879.49"
368,"MAJOR ESOPHAGEAL DISORDERS W MCC","$ 55,104.08"
369,"MAJOR ESOPHAGEAL DISORDERS W CC","$ 28,211.82"
370,"MAJOR ESOPHAGEAL DISORDERS W/O CC/MCC","$ 10,483.67"
371,"MAJOR GASTROINTESTINAL DISORDERS & PERITONEAL INFECTIONS W MCC","$ 42,438.50"
372,"MAJOR GASTROINTESTINAL DISORDERS & PERITONEAL INFECTIONS W CC","$ 28,826.60"
373,"MAJOR GASTROINTESTINAL DISORDERS & PERITONEAL INFECTIONS W/O CC/MCC","$ 28,043.10"
374,"DIGESTIVE MALIGNANCY W MCC","$ 64,300.72"
375,"DIGESTIVE MALIGNANCY W CC","$ 29,451.64"
376,"DIGESTIVE MALIGNANCY W/O CC/MCC","$ 15,954.54"
377,"G.I. HEMORRHAGE W MCC","$ 48,682.01"
378,"G.I. HEMORRHAGE W CC","$ 31,099.63"
379,"G.I. HEMORRHAGE W/O CC/MCC","$ 8,731.97"
380,"COMPLICATED PEPTIC ULCER W MCC","$ 43,206.02"
381,"COMPLICATED PEPTIC ULCER W CC","$ 28,087.94"
382,"COMPLICATED PEPTIC ULCER W/O CC/MCC","$ 14,411.02"
383,"UNCOMPLICATED PEPTIC ULCER W MCC","$ 25,046.91"
384,"UNCOMPLICATED PEPTIC ULCER W/O MCC","$ 15,939.66"
385,"INFLAMMATORY BOWEL DISEASE W MCC","$ 31,999.71"
386,"INFLAMMATORY BOWEL DISEASE W CC","$ 21,125.34"
387,"INFLAMMATORY BOWEL DISEASE W/O CC/MCC","$ 18,925.24"
388,"G.I. OBSTRUCTION W MCC","$ 41,080.34"
389,"G.I. OBSTRUCTION W CC","$ 26,562.01"
390,"G.I. OBSTRUCTION W/O CC/MCC","$ 15,300.34"
391,"ESOPHAGITIS, GASTROENT & MISC DIGEST DISORDERS W MCC","$ 16,056.98"
392,"ESOPHAGITIS, GASTROENT & MISC DIGEST DISORDERS W/O MCC","$ 7,112.32"
393,"OTHER DIGESTIVE SYSTEM DIAGNOSES W MCC","$ 35,319.55"
394,"OTHER DIGESTIVE SYSTEM DIAGNOSES W CC","$ 17,837.74"
395,"OTHER DIGESTIVE SYSTEM DIAGNOSES W/O CC/MCC","$ 16,125.41"
405,"PANCREAS, LIVER & SHUNT PROCEDURES W MCC","$ 275,351.67"
406,"PANCREAS, LIVER & SHUNT PROCEDURES W CC","$ 129,610.34"
407,"PANCREAS, LIVER & SHUNT PROCEDURES W/O CC/MCC","$ 102,480.59"
409,"BILIARY TRACT PROC EXCEPT ONLY CHOLECYST W OR W/O C.D.E. W CC","$ 72,885.38"
410,"BILIARY TRACT PROC EXCEPT ONLY CHOLECYST W OR W/O C.D.E. W/O CC/MCC","$ 48,103.64"
411,"CHOLECYSTECTOMY W C.D.E. W MCC","$ 52,889.23"
412,"CHOLECYSTECTOMY W C.D.E. W CC","$ 58,412.01"
413,"CHOLECYSTECTOMY W C.D.E. W/O CC/MCC","$ 117,843.68"
414,"CHOLECYSTECTOMY EXCEPT BY LAPAROSCOPE W/O C.D.E. W MCC","$ 101,660.80"
415,"CHOLECYSTECTOMY EXCEPT BY LAPAROSCOPE W/O C.D.E. W CC","$ 65,563.74"
416,"CHOLECYSTECTOMY EXCEPT BY LAPAROSCOPE W/O C.D.E. W/O CC/MCC","$ 50,296.58"
417,"LAPAROSCOPIC CHOLECYSTECTOMY W/O C.D.E. W MCC","$ 74,806.58"
418,"LAPAROSCOPIC CHOLECYSTECTOMY W/O C.D.E. W CC","$ 59,797.43"
419,"LAPAROSCOPIC CHOLECYSTECTOMY W/O C.D.E. W/O CC/MCC","$ 48,365.41"
420,"HEPATOBILIARY DIAGNOSTIC PROCEDURES W MCC","$ 180,255.42"
421,"HEPATOBILIARY DIAGNOSTIC PROCEDURES W CC","$ 64,768.28"
422,"HEPATOBILIARY DIAGNOSTIC PROCEDURES W/O CC/MCC","$ 38,912.23"
423,"OTHER HEPATOBILIARY OR PANCREAS O.R. PROCEDURES W MCC","$ 244,494.08"
432,"CIRRHOSIS & ALCOHOLIC HEPATITIS W MCC","$ 48,560.53"
433,"CIRRHOSIS & ALCOHOLIC HEPATITIS W CC","$ 26,058.41"
434,"CIRRHOSIS & ALCOHOLIC HEPATITIS W/O CC/MCC","$ 13,538.24"
435,"MALIGNANCY OF HEPATOBILIARY SYSTEM OR PANCREAS W MCC","$ 55,406.68"
436,"MALIGNANCY OF HEPATOBILIARY SYSTEM OR PANCREAS W CC","$ 28,209.61"
437,"MALIGNANCY OF HEPATOBILIARY SYSTEM OR PANCREAS W/O CC/MCC","$ 21,162.04"
438,"DISORDERS OF PANCREAS EXCEPT MALIGNANCY W MCC","$ 51,058.36"
439,"DISORDERS OF PANCREAS EXCEPT MALIGNANCY W CC","$ 25,867.51"
440,"DISORDERS OF PANCREAS EXCEPT MALIGNANCY W/O CC/MCC","$ 14,418.05"
441,"DISORDERS OF LIVER EXCEPT MALIG,CIRR,ALC HEPA W MCC","$ 55,280.75"
442,"DISORDERS OF LIVER EXCEPT MALIG,CIRR,ALC HEPA W CC","$ 23,946.45"
443,"DISORDERS OF LIVER EXCEPT MALIG,CIRR,ALC HEPA W/O CC/MCC","$ 15,332.00"
444,"DISORDERS OF THE BILIARY TRACT W MCC","$ 56,056.71"
445,"DISORDERS OF THE BILIARY TRACT W CC","$ 28,786.23"
446,"DISORDERS OF THE BILIARY TRACT W/O CC/MCC","$ 21,094.45"
453,"COMBINED ANTERIOR/POSTERIOR SPINAL FUSION W MCC","$ 318,349.04"
454,"COMBINED ANTERIOR/POSTERIOR SPINAL FUSION W CC","$ 241,675.49"
455,"COMBINED ANTERIOR/POSTERIOR SPINAL FUSION W/O CC/MCC","$ 186,605.48"
456,"SPINAL FUS EXC CERV W SPINAL CURV/MALIG/INFEC OR EXT FUS W MCC","$ 323,000.25"
457,"SPINAL FUS EXC CERV W SPINAL CURV/MALIG/INFEC OR EXT FUS W CC","$ 211,538.15"
458,"SPINAL FUS EXC CERV W SPINAL CURV/MALIG/INFEC OR EXT FUS W/O CC/MCC","$ 163,341.64"
459,"SPINAL FUSION EXCEPT CERVICAL W MCC","$ 201,094.52"
460,"SPINAL FUSION EXCEPT CERVICAL W/O MCC","$ 149,248.21"
461,"BILATERAL OR MULTIPLE MAJOR JOINT PROCS OF LOWER EXTREMITY W MCC","$ 131,514.53"
462,"BILATERAL OR MULTIPLE MAJOR JOINT PROCS OF LOWER EXTREMITY W/O MCC","$ 110,472.00"
463,"WND DEBRID & SKN GRFT EXC HAND, FOR MUSCULO-CONN TISS DIS W MCC","$ 182,468.83"
464,"WND DEBRID & SKN GRFT EXC HAND, FOR MUSCULO-CONN TISS DIS W CC","$ 82,415.33"
465,"WND DEBRID & SKN GRFT EXC HAND, FOR MUSCULO-CONN TISS DIS W/O CC/MCC","$ 68,846.31"
466,"REVISION OF HIP OR KNEE REPLACEMENT W MCC","$ 138,566.06"
467,"REVISION OF HIP OR KNEE REPLACEMENT W CC","$ 131,560.54"
468,"REVISION OF HIP OR KNEE REPLACEMENT W/O CC/MCC","$ 122,897.34"
469,"MAJOR HIP AND KNEE JOINT REPLACEMENT OR REATTACHMENT OF LOWER EXTREMITY W MCC OR TOTAL ANKLE REPLACEMENT","$ 109,794.62"
470,"MAJOR HIP AND KNEE JOINT REPLACEMENT OR REATTACHMENT OF LOWER EXTREMITY W/O MCC","$ 72,352.06"
471,"CERVICAL SPINAL FUSION W MCC","$ 179,597.48"
472,"CERVICAL SPINAL FUSION W CC","$ 109,971.96"
473,"CERVICAL SPINAL FUSION W/O CC/MCC","$ 98,457.17"
474,"AMPUTATION FOR MUSCULOSKELETAL SYS & CONN TISSUE DIS W MCC","$ 119,334.08"
475,"AMPUTATION FOR MUSCULOSKELETAL SYS & CONN TISSUE DIS W CC","$ 73,256.22"
476,"AMPUTATION FOR MUSCULOSKELETAL SYS & CONN TISSUE DIS W/O CC/MCC","$ 35,618.27"
477,"BIOPSIES OF MUSCULOSKELETAL SYSTEM & CONNECTIVE TISSUE W MCC","$ 75,389.23"
478,"BIOPSIES OF MUSCULOSKELETAL SYSTEM & CONNECTIVE TISSUE W CC","$ 64,326.81"
479,"BIOPSIES OF MUSCULOSKELETAL SYSTEM & CONNECTIVE TISSUE W/O CC/MCC","$ 60,470.37"
480,"HIP & FEMUR PROCEDURES EXCEPT MAJOR JOINT W MCC","$ 118,317.18"
481,"HIP & FEMUR PROCEDURES EXCEPT MAJOR JOINT W CC","$ 86,856.77"
482,"HIP & FEMUR PROCEDURES EXCEPT MAJOR JOINT W/O CC/MCC","$ 61,834.54"
483,"MAJOR JOINT/LIMB REATTACHMENT PROCEDURE OF UPPER EXTREMITIES","$ 83,762.83"
485,"KNEE PROCEDURES W PDX OF INFECTION W MCC","$ 65,267.17"
486,"KNEE PROCEDURES W PDX OF INFECTION W CC","$ 59,031.93"
487,"KNEE PROCEDURES W PDX OF INFECTION W/O CC/MCC","$ 57,694.39"
488,"KNEE PROCEDURES W/O PDX OF INFECTION W CC/MCC","$ 106,648.80"
489,"KNEE PROCEDURES W/O PDX OF INFECTION W/O CC/MCC","$ 63,459.65"
492,"LOWER EXTREM & HUMER PROC EXCEPT HIP,FOOT,FEMUR W MCC","$ 123,286.05"
493,"LOWER EXTREM & HUMER PROC EXCEPT HIP,FOOT,FEMUR W CC","$ 89,341.84"
494,"LOWER EXTREM & HUMER PROC EXCEPT HIP,FOOT,FEMUR W/O CC/MCC","$ 63,875.10"
495,"LOCAL EXCISION & REMOVAL INT FIX DEVICES EXC HIP & FEMUR W MCC","$ 153,057.55"
496,"LOCAL EXCISION & REMOVAL INT FIX DEVICES EXC HIP & FEMUR W CC","$ 61,445.10"
497,"LOCAL EXCISION & REMOVAL INT FIX DEVICES EXC HIP & FEMUR W/O CC/MCC","$ 36,246.62"
498,"LOCAL EXCISION & REMOVAL INT FIX DEVICES OF HIP & FEMUR W CC/MCC","$ 173,571.47"
499,"LOCAL EXCISION & REMOVAL INT FIX DEVICES OF HIP & FEMUR W/O CC/MCC","$ 32,458.30"
500,"SOFT TISSUE PROCEDURES W MCC","$ 137,563.18"
501,"SOFT TISSUE PROCEDURES W CC","$ 62,464.93"
502,"SOFT TISSUE PROCEDURES W/O CC/MCC","$ 51,430.68"
503,"FOOT PROCEDURES W MCC","$ 86,873.17"
504,"FOOT PROCEDURES W CC","$ 62,287.18"
505,"FOOT PROCEDURES W/O CC/MCC","$ 70,764.84"
506,"MAJOR THUMB OR JOINT PROCEDURES","$ 45,797.84"
507,"MAJOR SHOULDER OR ELBOW JOINT PROCEDURES W CC/MCC","$ 40,783.84"
510,"SHOULDER,ELBOW OR FOREARM PROC,EXC MAJOR JOINT PROC W MCC","$ 104,818.51"
511,"SHOULDER,ELBOW OR FOREARM PROC,EXC MAJOR JOINT PROC W CC","$ 74,157.05"
512,"SHOULDER,ELBOW OR FOREARM PROC,EXC MAJOR JOINT PROC W/O CC/MCC","$ 56,280.72"
513,"HAND OR WRIST PROC, EXCEPT MAJOR THUMB OR JOINT PROC W CC/MCC","$ 65,109.12"
514,"HAND OR WRIST PROC, EXCEPT MAJOR THUMB OR JOINT PROC W/O CC/MCC","$ 31,042.29"
515,"OTHER MUSCULOSKELET SYS & CONN TISS O.R. PROC W MCC","$ 115,355.76"
516,"OTHER MUSCULOSKELET SYS & CONN TISS O.R. PROC W CC","$ 70,723.13"
517,"OTHER MUSCULOSKELET SYS & CONN TISS O.R. PROC W/O CC/MCC","$ 63,781.90"
518,"BACK & NECK PROC EXC SPINAL FUSION W MCC OR DISC DEVICE/NEUROSTIM","$ 108,886.10"
519,"BACK & NECK PROC EXC SPINAL FUSION W CC","$ 70,647.65"
520,"BACK & NECK PROC EXC SPINAL FUSION W/O CC/MCC","$ 46,157.10"
533,"FRACTURES OF FEMUR W MCC","$ 17,080.47"
534,"FRACTURES OF FEMUR W/O MCC","$ 16,183.13"
535,"FRACTURES OF HIP & PELVIS W MCC","$ 33,921.18"
536,"FRACTURES OF HIP & PELVIS W/O MCC","$ 15,648.19"
537,"SPRAINS, STRAINS, & DISLOCATIONS OF HIP, PELVIS & THIGH W CC/MCC","$ 17,518.63"
538,"SPRAINS, STRAINS, & DISLOCATIONS OF HIP, PELVIS & THIGH W/O CC/MCC","$ 9,447.52"
539,"OSTEOMYELITIS W MCC","$ 40,546.57"
540,"OSTEOMYELITIS W CC","$ 31,777.22"
541,"OSTEOMYELITIS W/O CC/MCC","$ 13,846.83"
542,"PATHOLOGICAL FRACTURES & MUSCULOSKELET & CONN TISS MALIG W MCC","$ 29,461.60"
543,"PATHOLOGICAL FRACTURES & MUSCULOSKELET & CONN TISS MALIG W CC","$ 26,203.12"
544,"PATHOLOGICAL FRACTURES & MUSCULOSKELET & CONN TISS MALIG W/O CC/MCC","$ 25,814.26"
545,"CONNECTIVE TISSUE DISORDERS W MCC","$ 54,655.86"
546,"CONNECTIVE TISSUE DISORDERS W CC","$ 47,015.46"
547,"CONNECTIVE TISSUE DISORDERS W/O CC/MCC","$ 12,384.05"
548,"SEPTIC ARTHRITIS W MCC","$ 83,680.55"
549,"SEPTIC ARTHRITIS W CC","$ 35,100.09"
550,"SEPTIC ARTHRITIS W/O CC/MCC","$ 26,638.69"
551,"MEDICAL BACK PROBLEMS W MCC","$ 22,845.89"
552,"MEDICAL BACK PROBLEMS W/O MCC","$ 7,553.45"
553,"BONE DISEASES & ARTHROPATHIES W MCC","$ 22,054.10"
554,"BONE DISEASES & ARTHROPATHIES W/O MCC","$ 20,904.95"
555,"SIGNS & SYMPTOMS OF MUSCULOSKELETAL SYSTEM & CONN TISSUE W MCC","$ 7,419.79"
556,"SIGNS & SYMPTOMS OF MUSCULOSKELETAL SYSTEM & CONN TISSUE W/O MCC","$ 3,403.99"
557,"TENDONITIS, MYOSITIS & BURSITIS W MCC","$ 34,791.79"
558,"TENDONITIS, MYOSITIS & BURSITIS W/O MCC","$ 13,105.67"
559,"AFTERCARE, MUSCULOSKELETAL SYSTEM & CONNECTIVE TISSUE W MCC","$ 81,133.58"
560,"AFTERCARE, MUSCULOSKELETAL SYSTEM & CONNECTIVE TISSUE W CC","$ 59,403.04"
561,"AFTERCARE, MUSCULOSKELETAL SYSTEM & CONNECTIVE TISSUE W/O CC/MCC","$ 22,596.41"
562,"FX, SPRN, STRN & DISL EXCEPT FEMUR, HIP, PELVIS & THIGH W MCC","$ 15,848.05"
563,"FX, SPRN, STRN & DISL EXCEPT FEMUR, HIP, PELVIS & THIGH W/O MCC","$ 6,586.84"
564,"OTHER MUSCULOSKELETAL SYS & CONNECTIVE TISSUE DIAGNOSES W MCC","$ 33,042.91"
565,"OTHER MUSCULOSKELETAL SYS & CONNECTIVE TISSUE DIAGNOSES W CC","$ 21,553.05"
566,"OTHER MUSCULOSKELETAL SYS & CONNECTIVE TISSUE DIAGNOSES W/O CC/MCC","$ 15,755.74"
570,"SKIN DEBRIDEMENT W MCC","$ 51,284.28"
571,"SKIN DEBRIDEMENT W CC","$ 62,694.57"
572,"SKIN DEBRIDEMENT W/O CC/MCC","$ 33,918.28"
575,"SKIN GRAFT FOR SKIN ULCER OR CELLULITIS W/O CC/MCC","$ 40,041.46"
577,"SKIN GRAFT EXC FOR SKIN ULCER OR CELLULITIS W CC","$ 79,768.19"
579,"OTHER SKIN, SUBCUT TISS & BREAST PROC W MCC","$ 50,770.60"
580,"OTHER SKIN, SUBCUT TISS & BREAST PROC W CC","$ 47,516.49"
581,"OTHER SKIN, SUBCUT TISS & BREAST PROC W/O CC/MCC","$ 30,510.51"
582,"MASTECTOMY FOR MALIGNANCY W CC/MCC","$ 57,313.79"
583,"MASTECTOMY FOR MALIGNANCY W/O CC/MCC","$ 60,386.10"
584,"BREAST BIOPSY, LOCAL EXCISION & OTHER BREAST PROCEDURES W CC/MCC","$ 26,864.48"
585,"BREAST BIOPSY, LOCAL EXCISION & OTHER BREAST PROCEDURES W/O CC/MCC","$ 44,629.63"
592,"SKIN ULCERS W MCC","$ 17,975.88"
593,"SKIN ULCERS W CC","$ 18,545.33"
594,"SKIN ULCERS W/O CC/MCC","$ 7,806.51"
595,"MAJOR SKIN DISORDERS W MCC","$ 3,957.85"
596,"MAJOR SKIN DISORDERS W/O MCC","$ 3,582.21"
597,"MALIGNANT BREAST DISORDERS W MCC","$ 37,866.48"
598,"MALIGNANT BREAST DISORDERS W CC","$ 34,889.95"
599,"MALIGNANT BREAST DISORDERS W/O CC/MCC","$ 37,024.83"
600,"NON-MALIGNANT BREAST DISORDERS W CC/MCC","$ 18,450.30"
601,"NON-MALIGNANT BREAST DISORDERS W/O CC/MCC","$ 10,629.93"
602,"CELLULITIS W MCC","$ 28,243.35"
603,"CELLULITIS W/O MCC","$ 5,497.65"
604,"TRAUMA TO THE SKIN, SUBCUT TISS & BREAST W MCC","$ 12,271.08"
605,"TRAUMA TO THE SKIN, SUBCUT TISS & BREAST W/O MCC","$ 4,495.58"
606,"MINOR SKIN DISORDERS W MCC","$ 15,083.00"
607,"MINOR SKIN DISORDERS W/O MCC","$ 2,874.75"
614,"ADRENAL & PITUITARY PROCEDURES W CC/MCC","$ 85,025.25"
615,"ADRENAL & PITUITARY PROCEDURES W/O CC/MCC","$ 55,048.21"
616,"AMPUTAT OF LOWER LIMB FOR ENDOCRINE,NUTRIT,& METABOL DIS W MCC","$ 102,411.88"
617,"AMPUTAT OF LOWER LIMB FOR ENDOCRINE,NUTRIT,& METABOL DIS W CC","$ 57,350.01"
619,"O.R. PROCEDURES FOR OBESITY W MCC","$ 147,191.47"
620,"O.R. PROCEDURES FOR OBESITY W CC","$ 63,569.30"
621,"O.R. PROCEDURES FOR OBESITY W/O CC/MCC","$ 56,900.97"
622,"SKIN GRAFTS & WOUND DEBRID FOR ENDOC, NUTRIT & METAB DIS W MCC","$ 99,835.74"
623,"SKIN GRAFTS & WOUND DEBRID FOR ENDOC, NUTRIT & METAB DIS W CC","$ 59,540.86"
624,"SKIN GRAFTS & WOUND DEBRID FOR ENDOC, NUTRIT & METAB DIS W/O CC/MCC","$ 17,420.91"
625,"THYROID, PARATHYROID & THYROGLOSSAL PROCEDURES W MCC","$ 52,671.81"
626,"THYROID, PARATHYROID & THYROGLOSSAL PROCEDURES W CC","$ 57,651.61"
627,"THYROID, PARATHYROID & THYROGLOSSAL PROCEDURES W/O CC/MCC","$ 57,962.41"
628,"OTHER ENDOCRINE, NUTRIT & METAB O.R. PROC W MCC","$ 77,099.38"
629,"OTHER ENDOCRINE, NUTRIT & METAB O.R. PROC W CC","$ 68,488.17"
630,"OTHER ENDOCRINE, NUTRIT & METAB O.R. PROC W/O CC/MCC","$ 43,121.11"
637,"DIABETES W MCC","$ 35,867.89"
638,"DIABETES W CC","$ 17,138.27"
639,"DIABETES W/O CC/MCC","$ 7,093.69"
640,"MISC DISORDERS OF NUTRITION,METABOLISM,FLUIDS/ELECTROLYTES W MCC","$ 30,349.66"
641,"MISC DISORDERS OF NUTRITION,METABOLISM,FLUIDS/ELECTROLYTES W/O MCC","$ 9,710.37"
642,"INBORN AND OTHER DISORDERS OF METABOLISM","$ 14,674.78"
643,"ENDOCRINE DISORDERS W MCC","$ 41,817.89"
644,"ENDOCRINE DISORDERS W CC","$ 22,740.71"
645,"ENDOCRINE DISORDERS W/O CC/MCC","$ 18,374.21"
653,"MAJOR BLADDER PROCEDURES W MCC","$ 56,619.23"
654,"MAJOR BLADDER PROCEDURES W CC","$ 45,881.25"
655,"MAJOR BLADDER PROCEDURES W/O CC/MCC","$ 63,357.61"
656,"KIDNEY & URETER PROCEDURES FOR NEOPLASM W MCC","$ 89,745.34"
657,"KIDNEY & URETER PROCEDURES FOR NEOPLASM W CC","$ 63,344.41"
658,"KIDNEY & URETER PROCEDURES FOR NEOPLASM W/O CC/MCC","$ 55,628.31"
659,"KIDNEY & URETER PROCEDURES FOR NON-NEOPLASM W MCC","$ 88,584.52"
660,"KIDNEY & URETER PROCEDURES FOR NON-NEOPLASM W CC","$ 52,416.05"
661,"KIDNEY & URETER PROCEDURES FOR NON-NEOPLASM W/O CC/MCC","$ 47,794.69"
662,"MINOR BLADDER PROCEDURES W MCC","$ 55,895.53"
663,"MINOR BLADDER PROCEDURES W CC","$ 65,008.96"
664,"MINOR BLADDER PROCEDURES W/O CC/MCC","$ 64,701.71"
665,"PROSTATECTOMY W MCC","$ 88,500.93"
666,"PROSTATECTOMY W CC","$ 65,795.79"
668,"TRANSURETHRAL PROCEDURES W MCC","$ 81,983.54"
669,"TRANSURETHRAL PROCEDURES W CC","$ 42,543.03"
670,"TRANSURETHRAL PROCEDURES W/O CC/MCC","$ 40,730.04"
672,"URETHRAL PROCEDURES W/O CC/MCC","$ 31,653.54"
673,"OTHER KIDNEY & URINARY TRACT PROCEDURES W MCC","$ 100,919.08"
674,"OTHER KIDNEY & URINARY TRACT PROCEDURES W CC","$ 68,251.72"
675,"OTHER KIDNEY & URINARY TRACT PROCEDURES W/O CC/MCC","$ 68,651.38"
682,"RENAL FAILURE W MCC","$ 35,529.34"
683,"RENAL FAILURE W CC","$ 24,078.81"
684,"RENAL FAILURE W/O CC/MCC","$ 12,632.00"
685,"ADMIT FOR RENAL DIALYSIS","$ 3,180.78"
686,"KIDNEY & URINARY TRACT NEOPLASMS W MCC","$ 54,675.30"
687,"KIDNEY & URINARY TRACT NEOPLASMS W CC","$ 24,415.96"
688,"KIDNEY & URINARY TRACT NEOPLASMS W/O CC/MCC","$ 20,907.94"
689,"KIDNEY & URINARY TRACT INFECTIONS W MCC","$ 26,725.65"
690,"KIDNEY & URINARY TRACT INFECTIONS W/O MCC","$ 7,919.35"
693,"URINARY STONES W/O ESW LITHOTRIPSY W MCC","$ 26,987.81"
694,"URINARY STONES W/O ESW LITHOTRIPSY W/O MCC","$ 15,207.91"
695,"KIDNEY & URINARY TRACT SIGNS & SYMPTOMS W MCC","$ 9,934.00"
696,"KIDNEY & URINARY TRACT SIGNS & SYMPTOMS W/O MCC","$ 5,768.78"
697,"URETHRAL STRICTURE","$ 15,595.12"
698,"OTHER KIDNEY & URINARY TRACT DIAGNOSES W MCC","$ 40,095.15"
699,"OTHER KIDNEY & URINARY TRACT DIAGNOSES W CC","$ 17,861.47"
700,"OTHER KIDNEY & URINARY TRACT DIAGNOSES W/O CC/MCC","$ 8,307.35"
707,"MAJOR MALE PELVIC PROCEDURES W CC/MCC","$ 68,780.03"
708,"MAJOR MALE PELVIC PROCEDURES W/O CC/MCC","$ 51,462.41"
710,"PENIS PROCEDURES W/O CC/MCC","$ 74,190.92"
711,"TESTES PROCEDURES W CC/MCC","$ 82,913.55"
712,"TESTES PROCEDURES W/O CC/MCC","$ 34,290.56"
713,"TRANSURETHRAL PROSTATECTOMY W CC/MCC","$ 53,046.45"
714,"TRANSURETHRAL PROSTATECTOMY W/O CC/MCC","$ 31,168.63"
716,"OTHER MALE REPRODUCTIVE SYSTEM O.R. PROC FOR MALIGNANCY W/O CC/MCC","$ 27,956.20"
717,"OTHER MALE REPRODUCTIVE SYSTEM O.R. PROC EXC MALIGNANCY W CC/MCC","$ 144,251.33"
718,"OTHER MALE REPRODUCTIVE SYSTEM O.R. PROC EXC MALIGNANCY W/O CC/MCC","$ 78,735.09"
722,"MALIGNANCY, MALE REPRODUCTIVE SYSTEM W MCC","$ 51,720.05"
723,"MALIGNANCY, MALE REPRODUCTIVE SYSTEM W CC","$ 26,906.06"
724,"MALIGNANCY, MALE REPRODUCTIVE SYSTEM W/O CC/MCC","$ 30,005.80"
725,"BENIGN PROSTATIC HYPERTROPHY W MCC","$ 67,675.46"
726,"BENIGN PROSTATIC HYPERTROPHY W/O MCC","$ 15,410.25"
727,"INFLAMMATION OF THE MALE REPRODUCTIVE SYSTEM W MCC","$ 22,040.63"
728,"INFLAMMATION OF THE MALE REPRODUCTIVE SYSTEM W/O MCC","$ 7,218.27"
729,"OTHER MALE REPRODUCTIVE SYSTEM DIAGNOSES W CC/MCC","$ 13,884.46"
730,"OTHER MALE REPRODUCTIVE SYSTEM DIAGNOSES W/O CC/MCC","$ 11,347.89"
736,"UTERINE & ADNEXA PROC FOR OVARIAN OR ADNEXAL MALIGNANCY W MCC","$ 76,583.28"
742,"UTERINE & ADNEXA PROC FOR NON-MALIGNANCY W CC/MCC","$ 48,492.45"
743,"UTERINE & ADNEXA PROC FOR NON-MALIGNANCY W/O CC/MCC","$ 38,079.70"
744,"D&C, CONIZATION, LAPAROSCOPY & TUBAL INTERRUPTION W CC/MCC","$ 58,681.78"
745,"D&C, CONIZATION, LAPAROSCOPY & TUBAL INTERRUPTION W/O CC/MCC","$ 46,602.14"
746,"VAGINA, CERVIX & VULVA PROCEDURES W CC/MCC","$ 39,348.95"
747,"VAGINA, CERVIX & VULVA PROCEDURES W/O CC/MCC","$ 27,644.96"
748,"FEMALE REPRODUCTIVE SYSTEM RECONSTRUCTIVE PROCEDURES","$ 48,793.74"
749,"OTHER FEMALE REPRODUCTIVE SYSTEM O.R. PROCEDURES W CC/MCC","$ 48,849.55"
750,"OTHER FEMALE REPRODUCTIVE SYSTEM O.R. PROCEDURES W/O CC/MCC","$ 58,565.20"
754,"MALIGNANCY, FEMALE REPRODUCTIVE SYSTEM W MCC","$ 42,042.11"
755,"MALIGNANCY, FEMALE REPRODUCTIVE SYSTEM W CC","$ 29,064.09"
756,"MALIGNANCY, FEMALE REPRODUCTIVE SYSTEM W/O CC/MCC","$ 26,959.31"
757,"INFECTIONS, FEMALE REPRODUCTIVE SYSTEM W MCC","$ 16,526.87"
758,"INFECTIONS, FEMALE REPRODUCTIVE SYSTEM W CC","$ 5,408.80"
759,"INFECTIONS, FEMALE REPRODUCTIVE SYSTEM W/O CC/MCC","$ 4,782.82"
760,"MENSTRUAL & OTHER FEMALE REPRODUCTIVE SYSTEM DISORDERS W CC/MCC","$ 13,706.99"
761,"MENSTRUAL & OTHER FEMALE REPRODUCTIVE SYSTEM DISORDERS W/O CC/MCC","$ 13,385.89"
765,"CESAREAN SECTION W CC/MCC","$ 33,294.96"
766,"CESAREAN SECTION W/O CC/MCC","$ 26,340.32"
767,"VAGINAL DELIVERY W STERILIZATION &/OR D&C","$ 20,985.50"
768,"VAGINAL DELIVERY W O.R. PROC EXCEPT STERIL &/OR D&C","$ 16,537.51"
769,"POSTPARTUM & POST ABORTION DIAGNOSES W O.R. PROCEDURE","$ 47,646.74"
770,"ABORTION W D&C, ASPIRATION CURETTAGE OR HYSTEROTOMY","$ 42,327.37"
774,"VAGINAL DELIVERY W COMPLICATING DIAGNOSES","$ 15,226.44"
775,"VAGINAL DELIVERY W/O COMPLICATING DIAGNOSES","$ 13,182.39"
776,"POSTPARTUM & POST ABORTION DIAGNOSES W/O O.R. PROCEDURE","$ 9,418.33"
777,"ECTOPIC PREGNANCY","$ 22,806.18"
778,"THREATENED ABORTION","$ 5,591.42"
779,"ABORTION W/O D&C","$ 9,317.09"
780,"FALSE LABOR","$ 1,638.43"
781,"OTHER ANTEPARTUM DIAGNOSES W MEDICAL COMPLICATIONS","$ 3,977.79"
782,"OTHER ANTEPARTUM DIAGNOSES W/O MEDICAL COMPLICATIONS","$ 3,872.88"
789,"NEONATES, DIED OR TRANSFERRED TO ANOTHER ACUTE CARE FACILITY","$ 48,285.47"
790,"EXTREME IMMATURITY OR RESPIRATORY DISTRESS SYNDROME, NEONATE","$ 298,138.89"
791,"PREMATURITY W MAJOR PROBLEMS","$ 70,945.05"
792,"PREMATURITY W/O MAJOR PROBLEMS","$ 28,613.41"
793,"FULL TERM NEONATE W MAJOR PROBLEMS","$ 31,446.43"
794,"NEONATE W OTHER SIGNIFICANT PROBLEMS","$ 6,416.98"
795,"NORMAL NEWBORN","$ 4,787.78"
799,"SPLENECTOMY W MCC","$ 64,193.83"
800,"SPLENECTOMY W CC","$ 213,232.36"
801,"SPLENECTOMY W/O CC/MCC","$ 53,599.19"
802,"OTHER O.R. PROC OF THE BLOOD & BLOOD FORMING ORGANS W MCC","$ 62,649.02"
803,"OTHER O.R. PROC OF THE BLOOD & BLOOD FORMING ORGANS W CC","$ 75,824.91"
804,"OTHER O.R. PROC OF THE BLOOD & BLOOD FORMING ORGANS W/O CC/MCC","$ 48,939.18"
808,"MAJOR HEMATOL/IMMUN DIAG EXC SICKLE CELL CRISIS & COAGUL W MCC","$ 43,585.00"
809,"MAJOR HEMATOL/IMMUN DIAG EXC SICKLE CELL CRISIS & COAGUL W CC","$ 23,220.33"
810,"MAJOR HEMATOL/IMMUN DIAG EXC SICKLE CELL CRISIS & COAGUL W/O CC/MCC","$ 12,900.88"
811,"RED BLOOD CELL DISORDERS W MCC","$ 31,616.39"
812,"RED BLOOD CELL DISORDERS W/O MCC","$ 10,338.34"
813,"COAGULATION DISORDERS","$ 29,827.28"
814,"RETICULOENDOTHELIAL & IMMUNITY DISORDERS W MCC","$ 47,343.76"
815,"RETICULOENDOTHELIAL & IMMUNITY DISORDERS W CC","$ 20,314.83"
816,"RETICULOENDOTHELIAL & IMMUNITY DISORDERS W/O CC/MCC","$ 7,455.39"
821,"LYMPHOMA & LEUKEMIA W MAJOR O.R. PROCEDURE W CC","$ 154,572.37"
823,"LYMPHOMA & NON-ACUTE LEUKEMIA W OTHER PROC W MCC","$ 116,835.25"
824,"LYMPHOMA & NON-ACUTE LEUKEMIA W OTHER PROC W CC","$ 96,920.66"
825,"LYMPHOMA & NON-ACUTE LEUKEMIA W OTHER PROC W/O CC/MCC","$ 68,861.96"
827,"MYELOPROLIF DISORD OR POORLY DIFF NEOPL W MAJ O.R. PROC W CC","$ 93,632.75"
829,"MYELOPROLIFERATIVE DISORDERS OR POORLY DIFFERENTIATED NEOPLASMS W OTHER PROCEDURE W CC/MCC","$ 46,728.15"
834,"ACUTE LEUKEMIA W/O MAJOR O.R. PROCEDURE W MCC","$ 69,864.98"
835,"ACUTE LEUKEMIA W/O MAJOR O.R. PROCEDURE W CC","$ 20,553.78"
836,"ACUTE LEUKEMIA W/O MAJOR O.R. PROCEDURE W/O CC/MCC","$ 6,078.80"
840,"LYMPHOMA & NON-ACUTE LEUKEMIA W MCC","$ 90,743.94"
841,"LYMPHOMA & NON-ACUTE LEUKEMIA W CC","$ 31,140.29"
842,"LYMPHOMA & NON-ACUTE LEUKEMIA W/O CC/MCC","$ 17,433.97"
843,"OTHER MYELOPROLIF DIS OR POORLY DIFF NEOPL DIAG W MCC","$ 60,530.49"
844,"OTHER MYELOPROLIF DIS OR POORLY DIFF NEOPL DIAG W CC","$ 38,378.73"
845,"OTHER MYELOPROLIF DIS OR POORLY DIFF NEOPL DIAG W/O CC/MCC","$ 28,515.27"
846,"CHEMOTHERAPY W/O ACUTE LEUKEMIA AS SECONDARY DIAGNOSIS W MCC","$ 62,200.04"
847,"CHEMOTHERAPY W/O ACUTE LEUKEMIA AS SECONDARY DIAGNOSIS W CC","$ 36,784.85"
848,"CHEMOTHERAPY W/O ACUTE LEUKEMIA AS SECONDARY DIAGNOSIS W/O CC/MCC","$ 16,383.44"
853,"INFECTIOUS & PARASITIC DISEASES W O.R. PROCEDURE W MCC","$ 173,744.92"
854,"INFECTIOUS & PARASITIC DISEASES W O.R. PROCEDURE W CC","$ 71,679.59"
855,"INFECTIOUS & PARASITIC DISEASES W O.R. PROCEDURE W/O CC/MCC","$ 43,509.59"
856,"POSTOPERATIVE OR POST-TRAUMATIC INFECTIONS W O.R. PROC W MCC","$ 139,443.57"
857,"POSTOPERATIVE OR POST-TRAUMATIC INFECTIONS W O.R. PROC W CC","$ 58,590.74"
858,"POSTOPERATIVE OR POST-TRAUMATIC INFECTIONS W O.R. PROC W/O CC/MCC","$ 47,081.19"
862,"POSTOPERATIVE & POST-TRAUMATIC INFECTIONS W MCC","$ 36,442.36"
863,"POSTOPERATIVE & POST-TRAUMATIC INFECTIONS W/O MCC","$ 13,211.50"
864,"FEVER AND INFLAMMATORY CONDITIONS","$ 2,664.07"
865,"VIRAL ILLNESS W MCC","$ 18,227.86"
866,"VIRAL ILLNESS W/O MCC","$ 2,614.44"
867,"OTHER INFECTIOUS & PARASITIC DISEASES DIAGNOSES W MCC","$ 37,802.79"
868,"OTHER INFECTIOUS & PARASITIC DISEASES DIAGNOSES W CC","$ 16,094.95"
869,"OTHER INFECTIOUS & PARASITIC DISEASES DIAGNOSES W/O CC/MCC","$ 4,039.64"
870,"SEPTICEMIA OR SEVERE SEPSIS W MV >96 HOURS OR PERIPHERAL EXTRACORPOREAL MEMBRANE OXYGENATION (ECMO)","$ 187,356.64"
871,"SEPTICEMIA OR SEVERE SEPSIS W/O MV >96 HOURS W MCC","$ 49,874.40"
872,"SEPTICEMIA OR SEVERE SEPSIS W/O MV >96 HOURS W/O MCC","$ 27,370.33"
876,"O.R. PROCEDURE W PRINCIPAL DIAGNOSES OF MENTAL ILLNESS","$ 147,411.70"
880,"ACUTE ADJUSTMENT REACTION & PSYCHOSOCIAL DYSFUNCTION","$ 6,544.12"
881,"DEPRESSIVE NEUROSES","$ 7,073.51"
882,"NEUROSES EXCEPT DEPRESSIVE","$ 6,667.92"
883,"DISORDERS OF PERSONALITY & IMPULSE CONTROL","$ 16,295.30"
884,"ORGANIC DISTURBANCES & INTELLECTUAL DISABILITY","$ 13,254.74"
885,"PSYCHOSES","$ 14,835.81"
886,"BEHAVIORAL & DEVELOPMENTAL DISORDERS","$ 6,536.59"
887,"OTHER MENTAL DISORDER DIAGNOSES","$ 3,008.95"
894,"ALCOHOL/DRUG ABUSE OR DEPENDENCE, LEFT AMA","$ 10,394.78"
895,"ALCOHOL/DRUG ABUSE OR DEPENDENCE W REHABILITATION THERAPY","$ 20,022.24"
896,"ALCOHOL/DRUG ABUSE OR DEPENDENCE W/O REHABILITATION THERAPY W MCC","$ 55,178.54"
897,"ALCOHOL/DRUG ABUSE OR DEPENDENCE W/O REHABILITATION THERAPY W/O MCC","$ 7,775.79"
901,"WOUND DEBRIDEMENTS FOR INJURIES W MCC","$ 110,214.29"
902,"WOUND DEBRIDEMENTS FOR INJURIES W CC","$ 51,041.93"
903,"WOUND DEBRIDEMENTS FOR INJURIES W/O CC/MCC","$ 28,766.27"
905,"SKIN GRAFTS FOR INJURIES W/O CC/MCC","$ 88,082.17"
906,"HAND PROCEDURES FOR INJURIES","$ 60,868.18"
907,"OTHER O.R. PROCEDURES FOR INJURIES W MCC","$ 102,444.71"
908,"OTHER O.R. PROCEDURES FOR INJURIES W CC","$ 77,017.07"
909,"OTHER O.R. PROCEDURES FOR INJURIES W/O CC/MCC","$ 56,337.17"
913,"TRAUMATIC INJURY W MCC","$ 8,992.46"
914,"TRAUMATIC INJURY W/O MCC","$ 5,172.16"
915,"ALLERGIC REACTIONS W MCC","$ 35,719.69"
916,"ALLERGIC REACTIONS W/O MCC","$ 3,752.21"
917,"POISONING & TOXIC EFFECTS OF DRUGS W MCC","$ 43,455.61"
918,"POISONING & TOXIC EFFECTS OF DRUGS W/O MCC","$ 7,906.50"
919,"COMPLICATIONS OF TREATMENT W MCC","$ 29,882.19"
920,"COMPLICATIONS OF TREATMENT W CC","$ 19,386.94"
921,"COMPLICATIONS OF TREATMENT W/O CC/MCC","$ 9,168.61"
922,"OTHER INJURY, POISONING & TOXIC EFFECT DIAG W MCC","$ 43,111.29"
923,"OTHER INJURY, POISONING & TOXIC EFFECT DIAG W/O MCC","$ 3,245.62"
934,"FULL THICKNESS BURN W/O SKIN GRAFT OR INHAL INJ","$ 4,318.95"
935,"NON-EXTENSIVE BURNS","$ 3,037.21"
939,"O.R. PROC W DIAGNOSES OF OTHER CONTACT W HEALTH SERVICES W MCC","$ 194,812.83"
940,"O.R. PROC W DIAGNOSES OF OTHER CONTACT W HEALTH SERVICES W CC","$ 77,747.72"
941,"O.R. PROC W DIAGNOSES OF OTHER CONTACT W HEALTH SERVICES W/O CC/MCC","$ 60,379.46"
945,"REHABILITATION W CC/MCC","$ 89,937.36"
946,"REHABILITATION W/O CC/MCC","$ 56,494.54"
947,"SIGNS & SYMPTOMS W MCC","$ 13,693.90"
948,"SIGNS & SYMPTOMS W/O MCC","$ 7,557.80"
949,"AFTERCARE W CC/MCC","$ 39,853.56"
950,"AFTERCARE W/O CC/MCC","$ 4,028.61"
951,"OTHER FACTORS INFLUENCING HEALTH STATUS","$ 5,348.33"
955,"CRANIOTOMY FOR MULTIPLE SIGNIFICANT TRAUMA","$ 308,977.14"
956,"LIMB REATTACHMENT, HIP & FEMUR PROC FOR MULTIPLE SIGNIFICANT TRAUMA","$ 208,955.54"
957,"OTHER O.R. PROCEDURES FOR MULTIPLE SIGNIFICANT TRAUMA W MCC","$ 254,557.10"
958,"OTHER O.R. PROCEDURES FOR MULTIPLE SIGNIFICANT TRAUMA W CC","$ 147,496.43"
959,"OTHER O.R. PROCEDURES FOR MULTIPLE SIGNIFICANT TRAUMA W/O CC/MCC","$ 68,996.20"
963,"OTHER MULTIPLE SIGNIFICANT TRAUMA W MCC","$ 120,688.89"
964,"OTHER MULTIPLE SIGNIFICANT TRAUMA W CC","$ 48,983.32"
965,"OTHER MULTIPLE SIGNIFICANT TRAUMA W/O CC/MCC","$ 41,784.82"
969,"HIV W EXTENSIVE O.R. PROCEDURE W MCC","$ 145,231.01"
974,"HIV W MAJOR RELATED CONDITION W MCC","$ 67,470.03"
975,"HIV W MAJOR RELATED CONDITION W CC","$ 27,626.75"
976,"HIV W MAJOR RELATED CONDITION W/O CC/MCC","$ 17,658.05"
977,"HIV W OR W/O OTHER RELATED CONDITION","$ 37,890.92"
981,"EXTENSIVE O.R. PROCEDURE UNRELATED TO PRINCIPAL DIAGNOSIS W MCC","$ 140,604.38"
982,"EXTENSIVE O.R. PROCEDURE UNRELATED TO PRINCIPAL DIAGNOSIS W CC","$ 82,130.55"
983,"EXTENSIVE O.R. PROCEDURE UNRELATED TO PRINCIPAL DIAGNOSIS W/O CC/MCC","$ 61,368.03"
987,"NON-EXTENSIVE O.R. PROC UNRELATED TO PRINCIPAL DIAGNOSIS W MCC","$ 137,551.69"
988,"NON-EXTENSIVE O.R. PROC UNRELATED TO PRINCIPAL DIAGNOSIS W CC","$ 49,038.39"
989,"NON-EXTENSIVE O.R. PROC UNRELATED TO PRINCIPAL DIAGNOSIS W/O CC/MCC","$ 67,448.45"
998,"PRINCIPAL DIAGNOSIS INVALID AS DISCHARGE DIAGNOSIS","$ 2,350.69"